"","pedigree","gpSex","WWP","DWpM","PDW","BDns","BLen","BMax","BThk","SLen","SDia"
"SL18.OI.4","SL18-OI-4",NA,0.0618449228965791,0.0290920858473399,0.3288240780519,34.3745859212392,0.0702023981508345,-0.140855670321971,-0.491922842949405,0.10264374450632,-0.289554426987077
"SL18.OI.5","SL18-OI-5",NA,-0.245438184645757,-0.0594774640566967,0.437413508009531,-12.6131242191527,-0.302894724684485,0.01299970198543,-0.282462053176627,0.0770119094243667,-0.17181379288588
"SL18.OI.6","SL18-OI-6",NA,0.389806867007222,0.169938752831652,1.71518387682091,39.038437561621,-0.330296117751969,-0.00369200406747512,0.313864416901216,0.292627783772466,0.588552433240267
"SL18.OI.11","SL18-OI-11",NA,0.184235870720857,0.0470259415949513,0.0748252363340082,11.0797758146226,-0.458651992673524,0.0958845343564381,0.0334031210762107,0.0195860727050668,-0.0211981445561802
"SL18.OI.15","SL18-OI-15",NA,0.0964501058850911,0.0286175232328464,0.35266190727162,1.52345605639371,-0.388255174072434,-0.0771400407703822,0.020518796710994,0.56379606550162,-0.0549008188254008
"SL18.OI.16","SL18-OI-16",NA,-0.217547992542957,-0.0731798212953492,0.451236609779208,-13.9252637592963,0.251476055235396,0.121359429051982,-0.294447528523601,-0.572748430606496,-0.191931575121599
"SL18.OI.17","SL18-OI-17",NA,0.126046936771109,0.040268631485314,0.0296152858741551,-2.06149691272586,0.00467484884995408,-0.0327392674578736,0.0477115297081874,-0.156205001349841,0.403938511526276
"SL18.OI.18","SL18-OI-18",NA,-0.102917361701021,-0.0418198910164069,0.308700722299274,-1.7287718811843,-0.196085102087623,-0.101101956925188,-0.0357629035619472,0.376591107448292,-0.0839474708865279
"SL18.LD.1","SL18-LD-1",NA,-0.0264372699598225,-0.00904863110241657,0.11667283118126,-0.244132025107966,0.179359870491724,0.205402544591507,-0.513159366717522,0.0101944562341768,-0.316460603374999
"SL18.LD.3","SL18-LD-3",NA,-0.00245240993431081,-0.00360282079401373,0.0411956750347182,11.5347526140706,0.103410053480444,0.0845847402694077,-0.179664726941378,-0.0932644804056713,-0.106347445698475
"SL18.LD.4","SL18-LD-4",NA,-0.0511039023587257,-0.0214590994793452,-0.106169095896575,10.0507044275419,0.108612368442689,0.0956708541736787,-0.169533494917007,-0.0556884586704156,-0.0815116060867598
"SL18.LD.5","SL18-LD-5",NA,0.00882365050833242,-0.00019523567001671,0.0569454071646551,12.1995277865843,0.0831904712096013,0.0959754635801945,-0.115074833697777,-0.0670908918353087,-0.0504705164733907
"SL18.LD.9","SL18-LD-9",NA,0.0440896255601957,-0.00432139659769466,-0.227410175701465,27.4587326075942,0.147770992365458,0.143047401726788,-0.222433959424628,-0.241232369272176,-0.16331679673991
"SL18.LD.10","SL18-LD-10",NA,-0.00372311222181411,-0.0055051992711914,-0.105500129979985,10.5794647882555,0.115459426863435,0.112352340692888,-0.165458180617221,-0.0998880302677365,-0.0911587858397661
"SL18.LD.14","SL18-LD-14",NA,-0.0383868514694489,-0.0154475468203327,-0.0331403571311967,6.51892953258063,0.113982111400962,0.102907445646055,-0.158311012830454,0.0117899188815038,-0.127792296183934
"SL18.LD.13","SL18-LD-13",NA,-0.208353356037028,-0.0633107253087759,-0.0425738989738443,1.78260592756511,0.253325911374737,0.213025005067854,-0.109354673944697,0.0356114399824504,-0.104124845270784
"SL18.LL.7","SL18-LL-7",NA,0.0231567157063049,0.00192945679351059,-0.0804495205044692,12.9677723519019,0.120376956646681,0.093065983946695,-0.138519478498123,-0.00989654690496895,-0.106416781718878
"SL18.DI.17","SL18-DI-17",NA,-0.0305435113893877,-0.00614938862301051,0.142557874836205,2.56579710521544,0.0317970098869218,0.0372085825679605,-0.0883482895534049,-0.037526069350787,-0.0931804664547014
"SL18.DI.16","SL18-DI-16",NA,-0.0218449672605565,-0.00553804489330479,-0.0301379887866476,8.86575482485332,0.0396492602575733,0.0645382188394082,-0.106876702860822,-0.0545663887870635,-0.083047843352676
"SL18.DI.13","SL18-DI-13",NA,-0.0114558355779723,-0.00304990886348982,0.0662436912171001,4.16287744083631,0.0417429746774592,0.0597894675329935,-0.136296060782447,-0.0993240708140684,-0.115679983060668
"SL18.DI.15","SL18-DI-15",NA,-0.0638030988554992,-0.0235534700420985,-0.0455380004542193,-2.64474089301413,0.0235688683503202,0.024378819937791,-0.0476317155823378,0.0350854262443954,-0.0320648404409856
"SL18.DI.11","SL18-DI-11",NA,-0.00535075483643544,-0.00641704670070412,-0.138774836191507,3.15488979083813,0.0337985997180225,0.0659616628358984,-0.0698056179111428,-0.0576733806913387,-0.0234588370502236
"SL18.DI.5","SL18-DI-5",NA,-0.0184619835603193,-0.00217318409240982,0.129616240437205,3.05375604306058,-0.00630664146931691,0.0416959408097252,-0.0967325307567244,-0.051128142866253,-0.0478677610191442
"SL18.DI.3","SL18-DI-3",NA,-0.0158780244845037,-0.00219394338376329,0.154649609054296,-0.0644960176558073,0.00163263380948763,0.0398738578798396,-0.0656470954828431,-0.0483799518245125,-0.0246871442904572
"SL18.DI.12","SL18-DI-12",NA,-0.0450177847145236,-0.0125561753133436,0.0575238640805009,-6.57614264538515,0.00906325468612935,0.0456414202393572,-0.0340850327601039,0.0993744880224438,-0.0524006093458076
"SL18.DI.7","SL18-DI-7",NA,-0.0208785947816376,-0.00738424862638568,-0.0127515461846388,0.994793478922364,-0.0183902235862982,0.0444446439113435,-0.0775507405342021,-0.0223927132596802,-0.0552024241257848
"SL18.FW.1","SL18-FW-1",NA,0.17831185575217,0.0672499431471651,-0.0373783306295074,21.2015932789649,0.00188138218626976,-0.0163419155583771,0.226469306693304,-0.0535629266513244,0.221465893653325
"SL18.FW.2","SL18-FW-2",NA,0.216993438235654,0.0821655273562062,0.0341888839066885,22.7219918781002,-0.00299956828516614,0.00270911047309828,0.202087406398011,-0.100997916814633,0.178475214762153
"SL18.FW.3","SL18-FW-3",NA,0.221082741665346,0.083182065095816,0.0465943872845128,20.6995229731019,-0.00957622620476149,-0.0266552586993859,0.254118598227602,0.0300335149282777,0.229463016705058
"SL18.FW.4","SL18-FW-4",NA,0.215960167781908,0.0810560450268594,0.0126798515154048,21.1953658965374,-0.00309135433252562,-0.0204011224902851,0.274340853562179,-0.0475360608452361,0.242599128174877
"SL18.FW.5","SL18-FW-5",NA,0.172604591778904,0.0664520023063797,0.0332208234826057,17.5705688964416,-0.00921580414109602,-0.0233298055529204,0.290520837736454,0.0106809109438639,0.253846526777888
"SL18.FW.6","SL18-FW-6",NA,0.197974894063161,0.0744562881589441,-0.0060000147699717,21.5315510675538,0.0369321217157543,-0.0370987498154979,0.237809811095895,-0.0200820539353871,0.189063179991284
"SL18.FW.7","SL18-FW-7",NA,0.183498144130151,0.075315679852412,0.069061813628351,20.4601628071919,-0.00105861494990496,-0.00430243903767088,0.259053391560182,-0.00760579132835311,0.246632034437631
"SL18.FW.8","SL18-FW-8",NA,0.190592050181515,0.072817119254926,-0.0379880564686649,20.9033382801664,0.0223458850408232,-0.010054341093135,0.219627739262893,-0.0253616400600911,0.185413551145953
"SL18.FW.9","SL18-FW-9",NA,0.220204184709737,0.0842225326924161,0.100423860723848,22.8035524761689,-0.0143020871336769,-0.0201868418298706,0.21373974159361,-0.0869381192135855,0.22852383706531
"SL18.FW.10","SL18-FW-10",NA,0.153100339416038,0.0625586522584445,0.161734726298659,15.7774307300842,-0.0321574702025499,-0.0381866118022313,0.258299197645688,0.0808820496845313,0.245499388206957
"SL18.FI.1","SL18-FI-1",NA,0.211841735428676,0.0814052533172684,0.0598655913914016,22.3816131338243,0.0132145077095006,-0.0156633149709728,0.247496884822142,0.0507409873614587,0.180642536376617
"SL18.FI.2","SL18-FI-2",NA,0.182997384043263,0.0710777492571741,0.0295679644018585,19.5954267948757,0.0378566671100583,-0.0251133316652936,0.260982805920732,0.0122300138085931,0.189775815375895
"SL18.PI.2","SL18-PI-2",NA,0.213804460650518,0.0814964666956097,0.0792268370020419,20.4096152997084,0.00780961055201506,-0.0527594591401335,0.283554719885702,0.0524637997495369,0.239404662358106
"SL18.CC.1","SL18-CC-1",NA,0.0440398241533334,0.00447517520353108,0.0801571893732718,18.8923220541367,0.0973919809393192,-0.0324352083885441,0.0930650175100767,-0.0946607007767538,0.0622271310812528
"SL18.CC.2","SL18-CC-2",NA,0.273209196394764,0.0816639568968412,-0.438606224742716,13.359372999845,0.161139966017643,0.0210852711702446,0.324542267346747,0.198612219783397,0.132723049506613
"SL18.CC.3","SL18-CC-3",NA,0.215886098975937,0.0815479047432526,0.14386574553684,0.679436554604933,-0.109927216598082,0.0177438257440256,0.306138112711353,0.017721874700767,0.161669691889376
"SL18.CC.4","SL18-CC-4",NA,0.0693090805368945,0.0144929416184862,-0.129672667728198,-7.26837212448542,0.0128809211289271,-0.0707568966478513,-0.0664335643094758,-0.316368509139624,-0.113830682324879
"SL18.CC.5","SL18-CC-5",NA,0.315580915045109,0.0730750629831784,-0.530392255296711,7.12656291026927,0.020772829822972,-0.257439425279849,0.283865612884746,0.0174376013942488,0.0623336175465733
"SL18.CC.6","SL18-CC-6",NA,0.0249824509673056,-0.0215033660698015,-0.400220295816118,-15.9412732505803,-0.421575942654521,-0.18646236697055,0.0942772923453352,-0.064108648284016,0.254447440941269
"SL18.CC.7","SL18-CC-7",NA,0.271271648793693,0.0679390618054218,-0.401412741710994,23.9760243076941,0.0211458934421977,0.108354115729076,-0.0729759531186778,-0.270823435280814,-0.173923600506194
"SL18.CC.8","SL18-CC-8",NA,-0.0976498506803075,-0.0387342665553784,-0.352222836963165,0.998388414244674,0.00825691427756916,-0.160238900877118,0.207206545470514,0.119588498828789,0.385257645467852
"SL18.CC.9","SL18-CC-9",NA,0.0304904795275555,0.00705242679995284,-0.152883996486164,6.56442806823363,0.0515826437463912,0.033320337406085,-0.084951795013828,0.095625714556334,0.12675836822112
"SL18.CC.10","SL18-CC-10",NA,0.190309447212641,0.0548077369726,0.00309040409819888,8.15441739575381,0.109178337673521,0.0223348349985018,-0.350789896096362,-0.0696089717672222,-0.356507571236404
"SL18.CC.11","SL18-CC-11",NA,0.458764530301754,0.122649532825007,-0.62157260357594,78.7690921007741,0.006277919549214,-0.0113866888630019,0.0362711110938673,0.111675641968177,0.156416019114761
"SL18.CC.12","SL18-CC-12",NA,0.399960132094774,0.114897306514701,-0.118357966187316,54.0445341711003,-0.357169511875207,-0.0695275334428723,0.144131382814909,-0.384850230689571,0.367514140982659
"SL18.FW.11","SL18-FW-11",NA,0.230803601314681,0.0869066135229004,0.0739571698263923,24.0971806718938,0.0164571322325273,-0.0285188039838808,0.215801838518695,-0.0232303530062177,0.207092792830414
"SL18.FW.14","SL18-FW-14",NA,0.17349670202225,0.0703962004449524,0.112001174482235,16.8186959995579,0.0155914473142773,-0.0207942087110187,0.258974364303313,0.00874754946916309,0.237814558108869
"SL18.NC.2","SL18-NC-2",NA,0.141378179517845,0.0296137311385398,-0.166207404290312,4.23965992432348,0.177613480589279,-0.0762309212596735,0.0784424531555676,-0.0067669862406428,0.250919390679336
"SL18.NC.1","SL18-NC-1",NA,-0.204614674500867,-0.0691481694137906,-0.0969180446486753,-13.438653270713,0.0172982870310621,0.117161918859443,-0.502678953430572,-0.539593812199255,-0.505395832215168
"SL18.NC.5","SL18-NC-5",NA,-0.494816427904559,-0.137678861228472,-0.401223801153707,-32.4917208096671,0.25610522898709,0.309174701367588,-0.968535975013388,-0.209163875503573,-1.00193995702741
"SL18.NC.6","SL18-NC-6",NA,-0.150149085049364,-0.0544724045585754,-0.146585545370988,-16.931445265897,0.0592616238507216,0.0241813656601382,-0.0828011093025124,-0.0357461686800739,-0.0881401407360427
"SL18.NC.3","SL18-NC-3",NA,-0.0620141575565504,-0.0236351348451477,0.112048386936144,-16.2755808821525,-0.0878499253196752,0.00986345407477078,-0.0371362553218846,0.0627236842990423,-0.00681294255256039
"SL18.JS.6","SL18-JS-6",NA,0.166326183935707,0.0836936563821338,1.67257686910545,-24.4906574433979,-0.345010491799511,-0.0977680520669827,0.180079303268063,0.0439782158577089,0.366783441607681
"SL18.JS.5","SL18-JS-5",NA,-0.233715866683032,-0.0999263627150722,-0.730196399868554,-38.0813623011411,0.109488617358419,0.00159324520862172,-0.0631496339447257,-0.115630719015974,-0.0347806838311567
"SL18.JS.9","SL18-JS-9",NA,-0.416413706298969,-0.144187554528193,-0.273845499511291,-41.2893953801517,0.0556599449383783,0.086419607905482,-0.190428445695809,0.0514025493507778,-0.51741169629421
"SL18.NC.8","SL18-NC-8",NA,-0.321358587179543,-0.107566084157707,0.20669758890719,-37.8734830016442,-0.0659897778118236,-0.0472827387462828,0.0173949975583258,0.0327629387073087,0.0654977161624498
"SL18.NC.10","SL18-NC-10",NA,-0.389332431110765,-0.153523007010024,-1.23253739191481,-22.7276930201701,0.124824465230248,-0.134374296748847,0.0488469473430177,0.389773608481032,-0.147804031959112
"SL18.NC.9","SL18-NC-9",NA,-0.142461308854427,-0.0628227410414185,0.438604845885274,-18.3268263246178,-0.32707692682144,-0.172733581418545,0.171485232980412,0.16368693391346,-0.0150325713946491
"SL18.NC.12","SL18-NC-12",NA,-0.192847455497493,-0.0826283049878517,-0.0440520805266633,-17.5174177612299,-0.0627925169379262,0.0195755006210065,-0.197659685200089,0.312537106297527,-0.216194362253559
"SL18.NL.2","SL18-NL-2",NA,-0.357153216672246,-0.122079320391381,-0.0635095065333143,-44.9039307856963,-0.00986600512200419,-0.0409389135838897,-0.216463080138251,0.210273050295033,-0.118530387240703
"SL18.NL.1","SL18-NL-1",NA,-0.223415670069221,-0.0818354102749519,-0.224489852954026,-23.1352612075755,0.0144444646925082,-0.0137490386489594,-0.163936792338734,-0.0197724467317793,-0.202443994819859
"SL18.NL.3","SL18-NL-3",NA,-0.150357190465654,-0.0832236988353974,-0.632588596291461,-23.5214984307115,-0.0806518838649481,-0.0561908402320984,-0.0256339325887678,-0.116623637679726,0.122890750001084
"SL18.NL.4","SL18-NL-4",NA,-0.182959007437551,-0.0685466501762843,-0.277426160929226,-22.4184391320641,0.0658788446572442,-0.030191282271717,-0.0679766388484046,0.0238120681292202,-0.0779164183179936
"SL18.NL.5","SL18-NL-5",NA,-0.204406603351794,-0.0567685525024187,0.0632607119008435,-9.88364415984744,0.112140900653422,-0.0428131824074387,-0.331975799172036,-0.209468223261256,-0.434875331145916
"SL18.NL.8","SL18-NL-8",NA,-0.187242257359278,-0.0680014598096018,-0.253391347794186,-22.1973800505723,0.0717792455417184,-0.00702136279369891,-0.112373769774515,0.00559274081452978,-0.186972463629048
"SL18.NL.7","SL18-NL-7",NA,-0.286671089043725,-0.0885253030889558,0.142141951503584,-23.1742071733629,0.290218327223651,0.0145138453487634,-0.352786899479953,-0.174627827360217,-0.506146338283153
"SL18.NL.6","SL18-NL-6",NA,-0.206314267893451,-0.0701358015364326,-0.16143485188446,-20.4323941786935,0.0542689800110452,-0.0206129931829449,-0.0943099417850156,0.00834748105236586,-0.12241888806192
"SL18.NL.9","SL18-NL-9",NA,-0.224591494867154,-0.0837684340996422,-0.269825360276057,-25.6025044676204,0.0634952405291858,-0.0176272539523771,-0.0964760890469985,0.0327475515416646,-0.137691163118184
"SL18.NL.10","SL18-NL-10",NA,-0.226819376955247,-0.0767285375362173,-0.0978372978533417,-27.3117504261853,0.0432162326027159,-0.0202425913094573,-0.0900345698678749,0.0662798938991714,-0.146398967095199
"SL18.JS.19","SL18-JS-19",NA,-0.281444029044958,-0.109878546425498,-0.0215575130274684,-70.4908755415071,0.0426802491123407,0.134607327739463,0.0671854894980912,0.288912200735289,-0.0279377027526264
"SL18.JS.20","SL18-JS-20",NA,-0.138718400767109,-0.0503453858019341,-0.126340646065789,-18.1415435136991,0.0336947084292194,0.00115981120176628,-0.0791473988991261,0.00694044864158591,-0.0734792209311789
"SL18.JS.16","SL18-JS-16",NA,-0.281225644101203,-0.110816964062967,-0.0209975853833847,-42.3483959443539,-0.0102755749173055,-0.136442528490541,-0.0628458186770741,0.0628307494247497,0.0860558759066175
"SL18.JS.17","SL18-JS-17",NA,-0.274744652571905,-0.103259114881851,-0.331912833373742,-30.3706107482927,0.0428516836358134,-0.0197924905578638,-0.129124167798584,0.0418938863443257,-0.183936346604874
"SL18.JS.18","SL18-JS-18",NA,-0.270519033249011,-0.0906705629434628,-0.144891506487074,-25.3197871782679,0.0582155116027687,0.0676238619250434,-0.137658282150384,-0.00740839906913194,-0.243550337386249
"SL18.NC.14","SL18-NC-14",NA,-0.163979126658408,-0.0602193674471438,-0.114626911808384,-20.7363129457809,0.0351169596426978,0.00987966551316295,-0.0952828963046118,0.0479614926984522,-0.0978659474295244
"SL18.NL.12","SL18-NL-12",NA,-0.204484732939433,-0.0716573448128955,-0.16519526578227,-20.8261640956465,0.0573393194875638,-0.0322062416329296,-0.0868433104051626,-0.0325516631301081,-0.117483903047496
"SL18.NL.11","SL18-NL-11",NA,-0.138001626464265,-0.0485543003539337,-0.130493704528297,-15.5323151200717,0.0140363531183114,-0.0240376214615121,-0.0740601840803574,-0.0180046879363419,-0.0933904153537697
"SL18.JS.14","SL18-JS-14",NA,-0.11269347302479,-0.0353648853853744,0.0784543302323593,-14.4598656971468,-0.0177189278721478,0.0215782855988604,-0.11268518899577,-0.0201568307234231,-0.0945848805390176
"SL18.JS.12","SL18-JS-12",NA,-0.194183998539289,-0.0654659475119051,0.0191250074821361,-21.6120517974893,-0.0245991140044421,0.00626624978845874,-0.1358680009161,-0.0610155894703363,-0.134074669142911
"SL18.JS.11","SL18-JS-11",NA,-0.331638051390297,-0.103227337118464,-0.358070086671313,-28.1785567402053,0.0855728535102689,0.027319629042729,0.0982838161592914,0.304026579794365,0.202497884154316
"SL18.IS.3","SL18-IS-3",NA,-0.0376427345895085,-0.0141475739112628,-0.0178445151269736,-3.32867467245075,-0.00870915702115852,0.0115029705726974,-0.0915898547056708,-0.0711098362725498,-0.0835280865554354
"SL18.IS.2","SL18-IS-2",NA,-0.06696016287015,-0.0255784089419037,-0.0569567922805637,-7.15243926837531,-0.0200390037883331,-0.0203689756454112,-0.0953700427976382,-0.0774862089287625,-0.0708617152295069
"SL18.IS.1","SL18-IS-1",NA,-0.0417957895877506,-0.0147136039749997,-0.0352218648084326,-8.3544146366909,-0.00040711769155924,-0.00552790297643121,-0.0754159251176737,-0.0242911978693865,-0.0869738099693106
"SL18.IS.7","SL18-IS-7",NA,-0.0454546225492218,-0.0170748885624086,-0.00761302176142355,-8.95485301790365,-0.0158425824277051,0.0263887420879312,-0.116763937700495,-0.113874012470117,-0.104982686778701
"SL18.IS.6","SL18-IS-6",NA,-0.067972646559368,-0.0279892398761291,-0.102648656148927,-12.3940405258787,-0.00886031170201721,-0.00136314242339894,-0.0404946589386344,-0.0323493431392166,-0.047117899517738
"SL18.IS.4","SL18-IS-4",NA,-0.032902997395683,-0.0135045888401218,-0.0562746164952376,-6.2515546740421,-0.0296645713210578,0.00751575387935474,-0.0684918692171778,-0.0827389170734689,-0.0869247887683906
"SL18.IS.13","SL18-IS-13",NA,-0.049272224574168,-0.019201553902554,0.00698056595519807,-9.00569140492154,-0.0300611649664393,-0.00534785927032771,-0.0729809974190445,-0.00649144709942314,-0.0572303988625849
"SL18.IS.12","SL18-IS-12",NA,-0.0479064926872651,-0.0178371208554145,-0.022656706029398,-6.21421129971683,-0.0247917885188792,0.0219544588216411,-0.0400501650003323,-0.0646396649139888,-0.017063387708445
"SL18.IS.8","SL18-IS-8",NA,-0.0885952811586645,-0.0309484519528952,-0.0339722081597923,-10.2741752244942,-0.0137361582893116,0.0305706639609239,-0.124787234883268,-0.0645599262326493,-0.156763216959434
"SL18.IS.16","SL18-IS-16",NA,-0.0589851367090807,-0.025422500932462,-0.114861087578866,-7.30686216757215,-0.0373146295286805,-0.0125792952120548,-0.0524964250417535,-0.0830280076683019,-0.0270412933078773
"SA18.GS.1","SA18-GS-1",NA,0.040545322084734,0.0177782789183691,0.179890016701139,3.76361084988044,-0.0513968277201424,-0.0197807207429602,0.0597482091517668,0.0580242761029815,0.0230446570445713
"SA18.GS.2","SA18-GS-2",NA,0.00768659857833409,0.00717981016974463,0.216824213673705,-0.804715634293508,-0.0630980698544026,-0.0291404012336416,0.0285995237077119,0.103494779126121,0.00901521353802419
"SA18.GS.3","SA18-GS-3",NA,0.0227948727659991,0.0101324466396106,0.14833698213563,1.17242632417684,-0.0724274566913265,-0.0381448319601265,0.0406148502375795,0.0968600851740564,0.0563556322983933
"SA18.GS.4","SA18-GS-4",NA,0.0111905577605554,0.00520327077445246,0.0823736485625041,2.28216201812953,-0.0182770572806164,-0.030389986949511,0.0263318966753679,0.0839279676975658,0.0515465457844996
"SA18.GS.5","SA18-GS-5",NA,-0.0195947347269042,-0.00506219307517486,0.0582079279680341,-4.22537047024292,-0.0268640114237346,-0.0367957991560036,0.00853224452305953,0.102450453214892,-0.0126829539394513
"SA18.GS.6","SA18-GS-6",NA,-0.0306431494557444,-0.00797472114299182,0.0954822073060814,-5.68742196414101,-0.0759386467545998,-0.0477970965909667,0.0653275141509554,0.0988653565332979,0.0480632565299345
"SA18.GS.7","SA18-GS-7",NA,0.0322167131148793,0.0111875360900953,0.102025043168216,5.21612038309055,-0.0415382348864838,-0.0530399563034193,-0.0113567995544236,0.0482264028068484,0.0023307839073358
"SA18.GS.8","SA18-GS-8",NA,0.0586019821180532,0.0197449666067243,0.0864554392013065,6.29281312966035,-0.0082102675734957,-0.0377330647872833,0.056527406772214,0.0729347243003039,0.0742077346359272
"SA18.GS.9","SA18-GS-9",NA,0.0499716354383006,0.0223839368548198,0.206205786049854,5.49963758260284,-0.0254305650355837,-0.0186728057264224,0.0409545472474061,0.0403194865246672,0.05302833213341
"SA18.GS.10","SA18-GS-10",NA,0.0199013108789321,0.0112679922849502,0.176327032794515,1.86450388071082,-0.0362669543461526,-0.0304288170071342,0.0331670497982504,0.107475586062327,0.0110172007594295
"SA18.GS.11","SA18-GS-11",NA,-0.0299248073011879,-0.0059120029319103,0.0554855723021869,0.196698666645801,-0.0175591957991865,-0.0177816307190091,0.0184306155999428,0.0486092302467225,-0.00764281342325058
"SA18.GS.12","SA18-GS-12",NA,0.0248038361514151,0.00980365660452213,0.0295290307042184,4.6849676938591,-0.0281617665029095,-0.030336359315236,0.0542855638771279,0.0859031659803979,0.0335908460233016
"SL18.MD.1","SL18-MD-1",NA,-0.0689619260673421,-0.0228181735004452,-0.086950682285657,-8.31133619583906,0.0707941994900379,0.0349762229438887,-0.0193306866090925,-0.0152782071810716,-0.0826562547086611
"SL18.MD.2","SL18-MD-2",NA,-0.0697215208749464,-0.0238884567587424,-0.0653268516980524,-6.51060771122661,0.0247546097882566,0.0287411262168243,-0.069397607097931,0.0151847671874265,-0.109523505099994
"SL18.MD.3","SL18-MD-3",NA,-0.0344962390457888,-0.00552118247814154,0.0550798937164933,-0.466823857828588,0.0570686354838278,0.0627400074035056,-0.0743146185460606,-0.0470478484692628,-0.104485783666346
"SL18.MD.4","SL18-MD-4",NA,-0.0265232632405461,-0.010810351053561,-0.0985820022184703,-5.95979302387984,0.0367346453387454,0.0152858284180866,-0.0574743834217722,0.0546680438400894,-0.124290845991938
"SL18.MD.5","SL18-MD-5",NA,-0.0219627619906486,-0.0076958172741879,-0.124013628108079,0.373214826200934,0.0647174433929566,0.0349405494161901,-0.139494335470118,-0.0504107715821512,-0.14541745132746
"SL18.BL.5","SL18-BL-5",NA,0.227103265260343,0.0855957831748446,0.0530233216655692,22.8215253918043,0.00781570922807156,-0.0162009030182959,0.216159121972922,-0.00729445145801734,0.160258940294013
"SL18.BL.6","SL18-BL-6",NA,0.218651761490559,0.0846393501398933,0.215361206645866,16.7441593008327,-0.0349460974241751,-0.0353679470269635,0.270897660828931,-0.0188982197169356,0.241095484835083
"SL18.BL.7","SL18-BL-7",NA,0.185638960259798,0.0754069534974031,0.178203747555216,19.0900461470113,0.00827865560142864,-0.0186977779877625,0.263686047178508,0.0422642110368925,0.224537014053448
"SL18.BL.8","SL18-BL-8",NA,0.214922884544447,0.0866853952416232,0.219083518137767,20.4278870614773,-0.0399944568929592,-0.0248268388902927,0.27004189616007,-0.00651379024258652,0.233671121269675
"SL18.BL.9","SL18-BL-9",NA,0.178257122745318,0.0725073477632594,0.114929365191209,16.7569048177222,-0.0188741030632154,-0.0244378316468124,0.252373927588316,0.0519074029237855,0.184932936568211
"SL18.BL.10","SL18-BL-10",NA,0.190381249267485,0.0750529153419442,0.096754593912147,19.9868472847253,-0.0135424004465164,-0.0158945589174642,0.270728554656834,-0.0270773121127939,0.220514889262751
"SL18.BL.11","SL18-BL-11",NA,0.207554153149757,0.07994676247613,0.0635605797288951,20.9600612288548,0.00408731002695063,-0.0241181455484563,0.223907303420483,-0.0129682850902524,0.156959459478035
"SL18.BL.12","SL18-BL-12",NA,0.207194891064772,0.0828167880266851,0.206996125701255,19.9805419473053,-0.0262357581550198,-0.00670911459980141,0.245096752595364,0.00143226645038971,0.204265784397209
"SL18.BL.13","SL18-BL-13",NA,0.221932874845163,0.0824176693358916,0.0747849219051302,21.1930081541949,-0.0463940932215914,-0.0130211855945394,0.308826945727937,-0.0734364805155256,0.283133041652798
"SL18.BL.14","SL18-BL-14",NA,0.219794963863059,0.0842364504701967,0.0755793140237211,23.0447008489082,0.0338180859887533,0.000765444705462531,0.214944514955394,-0.0698221746557258,0.163984592037822
"SL18.BL.15","SL18-BL-15",NA,0.219944645995206,0.0851850404836904,0.103324283049478,23.3700060699366,-0.0020700745165128,-0.017674154207005,0.236744363034171,0.0127269380012161,0.208330478834957
"SL18.BL.16","SL18-BL-16",NA,0.215486177012626,0.0855057490195073,0.222199780086609,17.2358243500959,-0.0512317898112315,-0.02522255474613,0.29160633770303,0.0501789945335172,0.240869469249863
"SL18.NC.11","SL18-NC-11",NA,-0.10956005375135,-0.0482947359610663,-0.100408929770655,-3.17364924114411,-0.0383901600891272,-0.147546843100405,0.0905923056358464,-0.511135322645102,0.0200765032265664
"SL18.OD.5","SL18-OD-5",NA,-0.144099704346082,-0.0415482624005996,-0.0265273842349783,-0.0586859292606317,0.26827827256081,0.0515904074339414,-0.368761835317935,0.312186448894227,-0.303661404530193
"SA18.CB.9","SA18-CB-9",NA,0.251336656897332,0.092686869896141,0.432785600420953,-1.07400823444088,-0.118444970917511,0.0519007676905128,-0.100721495186048,0.501766133523979,0.11657299236617
"SL18.SF.17","SL18-SF-17",NA,0.230548935895979,0.0494819963304844,-0.104381437114823,-9.41281522434389,-0.125837794729946,0.0060537724316084,0.217406909744455,0.0518988362923606,0.390249866385038
"SL18.SF.13","SL18-SF-13",NA,0.298351065256667,0.0784235479544939,-0.215431600924714,20.6363172109643,-0.200047019833488,-0.0799414437894967,-0.0264820261395092,0.100988679703277,-0.0414240302846064
"SL18.LL.9","SL18-LL-9",NA,-0.163533934150622,-0.0399107299528886,-0.317521647850093,45.149325307725,0.140614416154951,0.243052270717675,-0.117254376462239,0.407299928224948,0.0693801398643046
"SA18.CB.2","SA18-CB-2",NA,0.215769948149113,0.0574478906508446,-0.0184620620135205,-7.84842984256804,-0.197317023984017,-0.0806899426093685,-0.0865975366171227,-0.217258543183918,0.12770455366847
"SA18.CB.5","SA18-CB-5",NA,-0.0301402608160609,-0.014884951403925,0.145133296599309,-53.3412952105171,-0.432833518274235,0.0629818519940007,0.329465226285002,0.414077686228443,0.216940819856969
"SL18.LD.2","SL18-LD-2",NA,0.0187405108302284,0.00957338203846953,0.0374336941524971,-20.6699830717359,0.1933970784477,0.000604299942896347,0.0400388744856411,0.149767012925264,0.0834336892583881
"SL18.OI.9","SL18-OI-9",NA,-0.110323718395103,-0.0188893127597411,0.422230997200333,-3.74285129883181,0.141068655795542,-0.181907136278577,0.0236466075225264,-0.0763862747658036,-0.0164004997917891
"SL18.NC.15","SL18-NC-15",NA,0.0435892599805848,0.00390764411951865,-0.103894606144281,96.7842715516532,-0.360672613677321,0.140127441018571,0.573650090047737,-0.142900022842578,0.832394949711736
"SA18.CB.4","SA18-CB-4",NA,0.0423162333440647,0.0340810554723048,-0.28701785567219,-18.6136934818365,0.222245691744197,-0.0641962644238808,-0.2804839960813,-0.488920882913499,-0.315390672134523
"SA18.CB.7","SA18-CB-7",NA,0.166954525414468,0.0974859198006382,0.516508391859536,37.8000134501274,0.273260437456324,0.00401880846575401,0.0690278739106439,-0.0314538449285053,0.0299509650660689
"SA18.CB.10","SA18-CB-10",NA,0.160897732172266,0.102006423675852,-0.0624792661315505,-5.91495808768076,0.135818183428914,0.23681004710268,-0.0139277414867098,-0.35332531986046,0.336285315607351
"SL18.OI.14","SL18-OI-14",NA,-0.0386619131632523,0.00771974230104878,0.169944763138149,-37.6890836225877,0.326273486808337,-0.236780857411222,0.234812774697929,0.174469604191959,0.200109352606221
"SA18.CB.3","SA18-CB-3",NA,0.0606205022712043,0.0438476520418057,-0.740558625624597,84.6827363112287,-0.132263231413212,-0.0618225281819813,0.153961098470719,-0.105331958385612,-0.175746868281503
"SA18.CB.1","SA18-CB-1",NA,-0.123946372112927,-0.0289627669952615,0.296914647562374,-14.9935598918777,-0.314158786914177,-0.0848051089271178,0.389134259010825,-0.00627284180885593,0.187485308109534
"SL18.OI.2","SL18-OI-2",NA,0.0222735532608798,-0.00924033558220346,0.0315857936758585,18.5326814303802,0.190837483795852,-0.0512321286161898,0.126475330164474,-0.0514106222205392,0.220115830988114
"SL18.OD.6","SL18-OD-6",NA,0.143514238093445,0.0414000924192912,0.300362234146274,-2.10394756919611,0.161753474264981,0.0662822630248367,0.198904091511541,-0.504797159823271,-0.151455314803651
"SL18.SF.19","SL18-SF-19",NA,-0.176433217229719,-0.0497087745627209,-0.220681697628431,-25.1689812999034,0.197806163046548,0.0405110744970664,0.0802417478205381,0.0619302466752496,-0.354597819815503
"SL18.OI.7","SL18-OI-7",NA,0.157576127248101,0.037840903325256,-0.309321023899092,-1.8002844317132,0.0820415446112725,-0.072624659365711,0.123551257236343,0.177112327966899,-0.211173432880672
"SL18.OD.3","SL18-OD-3",NA,-0.0749291184323921,-0.021140649345558,0.130081070550893,-8.45125568475903,-0.121666034324996,0.141253106104651,-0.360907040575641,-0.144361181812135,-0.575940319253761
"SL18.OI.11.FG3","SL18-OI-11-FG3",NA,0.51921720110676,0.158956267142537,-0.228595578496746,23.6033781017993,-0.402318373220626,0.113785368239357,0.580594489394596,0.275172388561463,1.02269750074474
"SL18.JS.16.FG3","SL18-JS-16-FG3",NA,-0.376057625346542,-0.162800041543436,-0.27187614279771,-54.4721794154735,-0.335861186711494,-0.26672442403522,0.361037271561459,0.0163830584833355,0.787813662740702
"SL18.OI.5.FG5","SL18-OI-5-FG5",NA,-0.442203502757815,-0.110019153833419,0.728727867239855,-22.2708691378439,-0.429200859158649,-0.0957928104039248,-0.729920084112808,-0.0496962201000094,-0.636248872638151
"SL18.CC.1.FG2","SL18-CC-1-FG2",NA,-0.0667483551844726,-0.0355368745035021,0.131871052285692,12.7186838389241,0.298666872109268,-0.0289856592335671,-0.55275884259947,-0.00217199351098216,-0.330026862638156
"SL18.NC.11.FG1","SL18-NC-11-FG1",NA,-0.19447699014354,-0.086567442424299,-0.119687844660148,-15.9334110741582,-0.279729733360834,-0.185177552726106,0.387703809823833,-0.398361079432878,0.320677293302978
"SL18.CC.5.FG2","SL18-CC-5-FG2",NA,0.450376911440647,0.124834505452509,-0.289700676456525,27.570047420189,0.253982595089632,-0.4882499815053,0.583489003775097,-0.0179866604690475,0.022455822106619
"SL18.LD.13.FG2","SL18-LD-13-FG2",NA,-0.370546247236062,-0.107107032147354,0.114283377102887,-12.1168520724687,0.3366714087751,0.144670683344261,0.116793218744982,-0.0528013140246494,-0.0720432503263136
"SL18.CC.5.FG3","SL18-CC-5-FG3",NA,0.558606782509218,0.103292150360816,-1.18909109673813,-2.95337697847538,-0.191255449250841,-0.292824386953882,0.128464883068705,0.181063906366416,0.083950257051735
"SL18.CC.11.FG3","SL18-CC-11-FG3",NA,0.769580255808515,0.217517542669083,-0.765705825603648,153.522530169633,0.0771288108368229,0.0923085816635184,0.0264270356710987,0.209159161050148,0.403632916986786
"SL18.JS.16.FG1","SL18-JS-16-FG1",NA,-0.46117192607659,-0.156654665349334,0.175441781698231,-44.4596167179916,0.278065515114667,-0.248014836946413,-0.629294679327375,-0.33794638301402,-0.558371150787436
"SL18.NC.12.FG2","SL18-NC-12-FG2",NA,-0.218104180919861,-0.112834726489986,-0.118590280302528,-11.3717109959784,-0.274137410412043,0.150675066014085,-0.256877119000941,0.51069477523353,-0.271133726570893
"SL18.OD.5.FG1","SL18-OD-5-FG1",NA,-0.251627848147721,-0.07223853093859,-0.0675020206742389,1.85746787493859,0.467330439550504,-0.0315952837655965,-0.685912391609909,0.540858802481265,-0.452044701026941
"SL18.CC.1.FG3","SL18-CC-1-FG3",NA,-0.112677694097423,-0.0345711956751152,0.169016802907655,13.572140137451,0.206594767259038,-0.0440224961301573,-0.226840910673821,-0.371596310288768,-0.305400491018266
"SA18.CB.9.FG1","SA18-CB-9-FG1",NA,0.502673313794665,0.185373739792282,0.865571200841906,-2.14801646888176,-0.236889941835023,0.103801535381026,-0.201442990372096,1.00353226704796,0.233145984732339
"SL18.CC.5.FG1","SL18-CC-5-FG1",NA,0.210196359578165,0.0526771885325236,-0.59809373841118,-8.30515699620389,0.110207688121815,-0.277404153977485,0.477859416547837,-0.0124944456547621,0.123248890348068
"SL18.OI.15.FG1","SL18-OI-15-FG1",NA,-0.0190846150952461,-0.00487483114818036,0.173782523735498,-5.27227917788593,-0.250385424315094,0.0209794609155108,-0.407687187791881,0.380425792130506,-0.0786729171404162
"SL18.CC.12.FG3","SL18-CC-12-FG3",NA,0.360644525113952,0.100231701925249,0.059961155770435,69.8565743539806,-0.912223871276235,-0.134790381237573,0.109734041977622,-0.855756734008061,0.556885696092712
"SL18.SF.17.FG2","SL18-SF-17-FG2",NA,0.461097871791958,0.0989639926609689,-0.208762874229646,-18.8256304486878,-0.251675589459891,0.0121075448632168,0.434813819488911,0.103797672584721,0.780499732770077
"SL18.JS.5.FG1","SL18-JS-5-FG1",NA,-0.479089105962008,-0.181306794387934,-1.20256646840163,-72.3140657268843,-0.0255352815022288,0.243315247696743,-1.07661361296325,-0.38843633786466,-1.06886400328069
"SL18.OD.5.FG3","SL18-OD-5-FG3",NA,-0.180671264890526,-0.0524062562632088,-0.0120801320306961,-2.03352566272048,0.337504378131924,0.186366506067421,-0.420373114343895,0.395700544201416,-0.458939512563637
"SL18.SF.13.FG1","SL18-SF-13-FG1",NA,0.215048248191824,0.050043083457365,-0.259045324109736,1.75779028654627,-0.480213627323051,-0.0526620816318546,-0.407537617022405,0.3755499561089,-0.448943009849479
"SL18.LL.9.FG6","SL18-LL-9-FG6",NA,-0.41353272474072,-0.111578106940367,-0.472667391002245,55.7397986201176,0.289953610930816,0.394751825966285,-0.741830096194505,0.726451373427146,-0.67969699238294
"SL18.OI.15.FG2","SL18-OI-15-FG2",NA,0.178986478275986,0.0491421952013972,0.505132902412158,8.17499690804314,-0.393407215679633,-0.301137312919773,-0.190882113845472,0.839131188330584,-0.721574198301783
"SA18.CB.2.FG3","SA18-CB-2-FG3",NA,0.387693489948934,0.100148424486674,-0.0307767228062452,-12.4998759481938,-0.342490165158969,-0.144853564658045,-0.0169262528422661,-0.376410765931923,0.111085930012792
"SL18.NL.2.FG3","SL18-NL-2-FG3",NA,-0.514824212584445,-0.166359276807452,-0.0903448534757149,-58.9888688899246,0.199711190381586,-0.0385392533279054,-0.680491007115371,0.337351046673032,-0.394022552252087
"SA18.CB.5.FG4","SA18-CB-5-FG4",NA,0.0154610926081262,-0.0043029567965932,0.310348202122715,-65.6603107864429,-0.742695675301463,0.117021770447061,0.174125463883369,0.249150050727658,-0.530217113943667
"SL18.CC.3.FG1","SL18-CC-3-FG1",NA,0.240165875014382,0.0856250820394465,0.267233608739981,-6.69121850432997,-0.318133658516196,-0.0379657392338387,0.352869184654487,0.302561144350286,-0.050194099670456
"SL18.NC.10.FG1","SL18-NC-10-FG1",NA,-0.624207574007549,-0.205412854616944,-1.08940530675068,-37.2426753456884,0.16428550895555,-0.0591525629888426,0.361345577169468,0.227463871512691,0.120601166219297
"SL18.OI.17.FG4","SL18-OI-17-FG4",NA,0.43882766581629,0.139304443364256,-0.213691117943952,16.7677183002643,0.347713143769445,0.0708441509810806,-0.0472171285198219,-0.473232463473906,0.304883099117101
"SL18.CC.3.FG2","SL18-CC-3-FG2",NA,0.398451669540533,0.158813506863658,0.361244412524304,35.036029922955,-0.0834638355096636,0.070341886180768,0.929589622739522,-0.00723198852058659,0.500036824605262
"SL18.CC.1.FG1","SL18-CC-1-FG1",NA,0.103476510096799,0.00430509099953755,0.277050863509783,85.7026811230741,0.391562026155664,-0.140437091537283,0.829713575771393,0.108595330355107,0.520032508443618
"SL18.OI.4.FG2","SL18-OI-4-FG2",NA,0.376352594493209,0.152851823959118,0.646512681358203,111.324163679599,0.200026317623107,-0.129747497169041,-0.312874959410471,-0.0836234989653564,0.0489659051045676
"SL18.CC.8.FG2","SL18-CC-8-FG2",NA,0.0694878079358153,0.0197869626466055,-0.538299451217405,13.7538487124386,0.027296466792877,-0.112010340648687,0.514071937541722,-0.145000838323955,0.91509514156949
"SL18.OI.6.FG2","SL18-OI-6-FG2",NA,0.768312956525179,0.327404767783897,1.90803088690776,61.4108093728126,-0.352769589161629,-0.0434050617424629,0.824674221519526,0.339316503605195,0.933743538769831
"SL18.LD.2.FG2","SL18-LD-2-FG2",NA,-0.15769270639949,-0.0401353925242514,-0.183248003475934,-45.8389643716393,0.391203241494248,0.0411153744399629,0.120280622306179,0.211697259600512,-0.271164130557115
"SL18.CC.12.FG2","SL18-CC-12-FG2",NA,0.842101105180674,0.251128543412532,-0.208766779145844,100.397404250118,-0.303078632634955,-0.0734163978465115,0.413697251000445,-0.32356558738938,0.713296237968109
"SL18.NC.10.FG3","SL18-NC-10-FG3",NA,-0.471049909368963,-0.187872450008159,-2.46513780784526,-21.4113011541848,0.141214187033411,-0.166029066692945,0.30008956687065,0.522158784561522,0.153533948837596
"SL18.NL.3.FG3","SL18-NL-3-FG3",NA,0.0487363190706246,-0.0368292593311308,-0.704248743932859,-24.4907195764019,-0.351856215827543,-0.0620022189883412,0.0537465103741733,-0.45163972655945,0.401483138999082
"SL18.OI.6.FG3","SL18-OI-6-FG3",NA,0.447617156923938,0.214562537153944,3.49970110525302,43.4612558167914,-0.51187188897537,-0.095306031381938,0.528608677752123,0.693088337538425,1.05996849573648
"SL18.CC.8.FG1","SL18-CC-8-FG1",NA,-0.466833849321057,-0.16782579837681,-0.425876816103202,-30.4597918955652,-0.177169243927633,-0.303859430794937,0.395550086172347,0.393393080459897,0.396597744311108
"SL18.CC.9.FG3","SL18-CC-9-FG3",NA,-0.0727743291193917,-0.0215277179614098,-0.114661954950976,1.44332428255433,0.128656932710217,0.103218229670558,-0.245237428779887,0.327352665070775,0.224274295770779
"SL18.NC.9.FG2","SL18-NC-9-FG2",NA,-0.207964734004354,-0.0816479438462292,0.633591552837761,-10.9924488343461,-0.493789477233914,-0.251906266754726,0.223998218688407,0.53928179857344,0.0616680122700047
"SL18.LD.9.FG4","SL18-LD-9-FG4",NA,0.0767951888130592,-0.0076497074612436,-0.408792076837945,46.6218324504683,0.00348960521827773,0.23693744509147,-0.516467602738013,-0.391920616089654,-0.271358324542449
"SL18.OI.9.FG4","SL18-OI-9-FG4",NA,-0.0639299185394493,0.0012677453591641,0.755602380866282,-2.16552068097787,0.172934525271363,-0.35222698481554,0.36719914322895,0.124163059980408,0.334826622515943
"SL18.NC.5.FG2","SL18-NC-5-FG2",NA,-0.654201405839753,-0.175143749758917,-0.578661184759689,-45.3502211275674,0.241115631815489,0.547160302005373,-0.471032620653585,-0.526300257684542,-1.01039421255569
"SL18.CC.6.FG3","SL18-CC-6-FG3",NA,-0.15469802750616,-0.0901063282036127,-0.232171287622093,-52.6601579589974,-0.287410364835787,-0.162244659273677,-0.00713104400900564,-0.243472431429843,0.212936710862085
"SL18.NL.7.FG4","SL18-NL-7-FG4",NA,-0.371162695336015,-0.0989347137090491,0.159825016420086,-14.2952139701137,0.472062384926656,0.0213031296582124,-0.498687485905948,-0.596873302026621,-0.685378109947798
"SL18.NL.3.FG1","SL18-NL-3-FG1",NA,-0.313810593781431,-0.154822859970687,-1.09352195053933,-26.706369704126,0.039024854313301,-0.110679230771229,0.0243357560699764,0.178996734511848,0.200462024279679
"SL18.CC.3.FG3","SL18-CC-3-FG3",NA,0.320674281946014,0.109642423961918,0.183061977892701,-10.0935435260669,0.0668077369268445,0.0564459708754738,0.636207629079683,-0.427072187456442,0.746795240874855
"SL18.CC.6.FG2","SL18-CC-6-FG2",NA,0.135896241611666,-0.0102382882275746,-0.819403782908399,0.430625892217182,-0.653133544398155,-0.268693025549778,0.229770940190198,-0.5719969792756,0.171271913000149
"SL18.JS.19.FG3","SL18-JS-19-FG3",NA,-0.440785775401909,-0.152517374379987,-0.134677060219112,-99.3992667460188,0.0926199558000769,0.13470619242686,0.0904205489561261,0.146353116834534,-0.132469841747345
"SL18.NC.1.FG1","SL18-NC-1-FG1",NA,-0.296350695102211,-0.0986238835249631,-0.213678932306697,-16.1723557341867,0.191845379999654,0.195834816514824,-1.0140277507419,-0.701359566760347,-0.700773269708163
"SL18.NC.15.FG3","SL18-NC-15-FG3",NA,-0.113911322795025,-0.0401388977737083,-0.203263801201575,64.1502344553402,-0.630489826005261,0.127805774115924,0.533944964334613,-0.0958540488406751,1.13515685275019
"SL18.LL.9.FG2","SL18-LL-9-FG2",NA,-0.34164820023353,-0.0874757373763781,-0.455975589118304,24.1361009305959,-0.0830341130891356,0.299093431747132,0.416850620642148,0.66114107709305,0.940705379683649
"SA18.CB.4.FG6","SA18-CB-4-FG6",NA,0.239616409798633,0.0991777547147655,-0.307505402562726,-24.7032182894118,0.377010640838922,0.0598585021833102,-0.462365131359318,-1.22486586663219,-0.681035447941401
"SA18.CB.5.FG6","SA18-CB-5-FG6",NA,0.0722323910265997,0.00721311000830787,0.263505628943424,-73.3503504679792,-0.332156350277157,0.0158826245054848,0.280165217867252,0.739241859089567,0.309714333695232
"SL18.OI.17.FG1","SL18-OI-17-FG1",NA,0.0220364301172927,0.00968366175417687,-0.0144219418222008,-7.91219093289675,0.00131173893263159,-0.0672017103301327,0.112791096141204,-0.0525834040118414,0.256411172227169
"SL18.JS.9.FG3","SL18-JS-9-FG3",NA,-0.526749751095268,-0.184899868842272,-0.447373280887115,-54.7385927430883,-0.00767185316636044,0.0783986392370867,-0.212673306431706,0.0766663880167613,-0.392894283043189
"SL18.SF.13.FG2","SL18-SF-13-FG2",NA,0.680004947578178,0.185227560406117,-0.387249478664407,60.1511613463466,-0.11992743217741,-0.187162249736635,0.328091538603878,-0.0725839169990722,0.324670918995657
"SL18.JS.19.FG2","SL18-JS-19-FG2",NA,-0.36529098701096,-0.140956760676813,0.0676404480855294,-91.2920661033468,0.204345644047687,0.351104661083609,-0.765038827377582,0.347273642803609,-1.08268014942329
"SL18.CC.6.FG1","SL18-CC-6-FG1",NA,-0.175410099424133,-0.060646503506741,-0.440197598179145,-15.5343434316487,-0.954976475547988,-0.265960797192825,0.140056000229387,0.220280167518367,0.545266767848822
"SL18.NL.5.FG1","SL18-NL-5-FG1",NA,-0.208470301486104,-0.0558500425048515,0.242940094193192,-12.2136092614019,0.366811314554669,-0.219188683262532,-0.0173491309815672,-0.462423604743015,-0.697024690155865
"SL18.NC.8.FG1","SL18-NC-8-FG1",NA,-0.314203872344065,-0.106740167686579,0.698686499850293,-49.0503507598326,0.0909266780825955,0.0174191733840785,-0.154264225192037,0.156113525745347,-0.241619606870919
"SL18.JS.5.FG2","SL18-JS-5-FG2",NA,-0.330625535876294,-0.126231331067254,-0.695791553277174,-52.2180287080704,-0.0247851544046232,0.120223042693105,0.215795574570648,0.0793466501008381,0.317395198145095
"SL18.CC.10.FG4","SL18-CC-10-FG4",NA,0.304206918181996,0.0937819454343526,0.216621109823154,1.51753148671127,0.309562090701644,0.055628347955264,-0.743455922884019,-0.056493162832846,-0.767863338312018
"SL18.NC.5.FG3","SL18-NC-5-FG3",NA,-0.482160068650956,-0.14175510370716,-0.486527702605755,-17.0739522181887,0.542896204780781,0.211465651094718,-0.588247684427729,-0.0450769179697162,-0.984021706303971
"SL18.OI.16.FG2","SL18-OI-16-FG2",NA,-0.284003666034393,-0.0906995865860855,0.389643802761439,-15.5906143079572,0.179236752997159,0.0745498300138313,-0.316144337635337,-0.560596050791786,-0.177410289356639
"SA18.CB.7.FG1","SA18-CB-7-FG1",NA,0.136085714830203,0.083800005029641,0.627823997345354,22.6872637745705,0.431903671960784,0.151891077317248,-0.405973866091987,0.0478189912639631,-0.259978225357458
"SL18.CC.1.MG3","SL18-CC-1-MG3",NA,0.258024871584396,0.0743968600165906,0.0452306726854574,2.3306094217197,-0.105634593791218,0.107656528913275,0.381043192692514,-0.266452676153051,0.0222704940871369
"SL18.NC.10.MG3","SL18-NC-10-MG3",NA,-0.314535740074222,-0.14703926507815,-1.52055995055782,-27.0742298397747,0.007599842632181,-0.174698827180329,-0.0584363708595301,0.699640221204127,-0.185868995723534
"SA18.CB.7.MG3","SA18-CB-7-MG3",NA,0.350170649564758,0.170835416416841,0.685943888478329,54.8298131436613,0.456898298498651,-0.0183211158566569,0.71406602387727,0.549279496532464,0.560257478903293
"SL18.OI.16.MG1","SL18-OI-16-MG1",NA,-0.323710438145981,-0.135961907300565,0.33817867539937,-24.0324715634241,0.426421188810152,0.240697500698105,0.438096935569932,-0.307318002262103,0.17130843105672
"SL18.NL.2.MG1","SL18-NL-2-MG1",NA,-0.442070153064436,-0.160352026854614,-0.0827884214228075,-57.6636926187104,-0.251205578393714,-0.0785696232095898,0.0806484240497354,0.32304729350726,0.182070402835707
"SA18.CB.10.MG1","SA18-CB-10-MG1",NA,0.261322695078266,0.155046584644488,-0.208114788013844,-26.618148007303,-0.168042619292495,0.117541498521272,0.359087465476111,-0.946747416371768,1.00781730206787
"SL18.LD.13.MG2","SL18-LD-13-MG2",NA,-0.337556480420167,-0.0943442949815917,-0.144432327892045,10.654826104606,0.408184296539094,0.319369455997669,-0.639296295778756,0.515470002638396,-0.997513611302712
"SL18.OI.14.MG1","SL18-OI-14-MG1",NA,-0.0278878047927054,0.0258545286083646,0.0801067688582339,-54.1971336380131,0.568541497181707,-0.338882108317471,-0.227240466990671,0.120720308830946,0.174836714504957
"SL18.CC.3.MG1","SL18-CC-3-MG1",NA,0.0143723087946223,0.0309104975359275,0.143050135247071,-27.0103527421042,-0.251180143622592,0.0350193824872422,-0.295032953035988,0.349106062913536,-0.355648906439262
"SA18.CB.3.MG3","SA18-CB-3-MG3",NA,0.26708591982088,0.123815285352518,-0.697343761694615,181.213399315739,0.0285336651489861,0.0397761649286075,-0.00533863507390747,-0.613559636027603,-0.182884618006601
"SL18.CC.4.MG11","SL18-CC-4-MG11",NA,-0.0588671055715174,-0.0276014495061293,-0.169236731341186,-33.256291180291,0.107216762144393,-0.11001760707905,-0.26921963311554,-0.714694196843998,-0.368308702524795
"SL18.JS.16.MG1","SL18-JS-16-MG1",NA,-0.136294414917766,-0.0792782956289712,0.0730976308160235,-56.4577139105726,-0.0276150199365341,-0.0989659062239304,0.12509898834257,0.582342532584635,0.284331826458999
"SA18.CB.4.MG3","SA18-CB-4-MG3",NA,-0.035168936458086,-0.00862437824950134,-0.632282509290388,-30.1459339243772,0.240794445971257,-0.322598268662493,0.0316776119722363,-0.575905038715838,0.360562990009693
"SL18.CC.8.MG2","SL18-CC-8-MG2",NA,-0.205177994481946,-0.0694245350933689,-0.393197473402426,2.91454221844389,0.207309081267266,-0.243424592076656,-0.109944010821458,0.348260852415827,0.236874348971105
"SL18.OI.9.MG2","SL18-OI-9-MG2",NA,-0.26704123664586,-0.0579356836383874,0.511090610734716,-9.06303321551756,0.250271442115263,-0.193494424020191,-0.29625932066137,-0.353321884277819,-0.384028121891311
"SL18.JS.5.MG3","SL18-JS-5-MG3",NA,-0.119432809271544,-0.0536129716513595,-0.553320606317209,-36.0418310006012,0.214774506326843,-0.025540318485605,0.171277219510614,-0.121093349869526,0.23342718419592
"SL18.JS.9.MG1","SL18-JS-9-MG1",NA,-0.521798261765914,-0.164585428978847,-0.34154698262576,-56.7211152866248,0.145094803237222,0.066454879207846,0.00356535796728182,0.0214705023017664,-0.456496423492716
"SA18.CB.2.MG3","SA18-CB-2-MG3",NA,0.259616354498405,0.07219524746586,-0.0246094632343162,-11.0454135795103,-0.249460906793083,-0.0972162631700596,-0.242866357009103,-0.275364863619832,0.272027730992619
"SL18.OI.15.MG2","SL18-OI-15-MG2",NA,0.351637025089164,0.114542801424366,0.444074359764082,-1.22351664012613,-0.242767216139943,-0.0683675109488432,0.5034590930778,0.602355069594546,0.50017258924144
"SL18.NC.1.MG1","SL18-NC-1-MG1",NA,-0.260320320367352,-0.0883097402514328,-0.193740387126844,-10.1763787116073,-0.0931914410690009,0.204927992003093,-0.500615745154825,-1.05432829343403,-0.891152462421131
"SL18.LD.2.MG4","SL18-LD-2-MG4",NA,0.0584283041480086,0.0143253735287654,-0.0616990978821848,-32.009992322178,-0.275765728633497,-0.057224511254431,0.522945135545023,0.17276908360526,0.72648866472841
"SA18.CB.1.MG12","SA18-CB-1-MG12",NA,-0.259176189711536,-0.064464578477669,0.276461989764647,-19.601489178625,-0.0721372077418681,0.048474158549799,0.468956485820315,0.201926881635672,0.30418658351442
"SL18.JS.5.MG2","SL18-JS-5-MG2",NA,-0.175239222115462,-0.114122056662209,-1.40396165237076,-21.9608397423626,0.434273306322665,-0.2791552574749,0.370315557298043,-0.295924537034266,0.349919630836965
"SA18.CB.7.MG1","SA18-CB-7-MG1",NA,0.0506619415337292,0.0563427181377466,0.731610373669446,-3.85019165136531,-0.0784190577972341,-0.143400602030011,0.444061797551484,-0.325163885185925,0.547902346477595
"SA18.CB.10.MG3","SA18-CB-10-MG3",NA,0.221370501438531,0.150972686383067,0.0206769896191923,8.87327374426071,0.575497169579238,0.592888642786767,-0.400870689936241,-0.113228543209612,0.00103864475418435
"SL18.NC.9.MG1","SL18-NC-9-MG1",NA,-0.123679064991568,-0.0608370981396363,0.738612942908733,-24.5000531871405,-0.663537135131281,-0.352851442068064,0.20971648004293,-0.0949095874351303,-0.223789724067653
"SA18.CB.4.MG1","SA18-CB-4-MG1",NA,-0.115354762568134,-0.0101989009437659,-0.31385320261459,-32.6986315860648,0.431822887247784,-0.0617966041678971,-0.744511923058418,-0.361842886535502,-0.590882837145906
"SL18.JS.6.MG3","SL18-JS-6-MG3",NA,0.474175207980077,0.178048697615322,1.73557964746058,-18.4522129312621,-0.939388197394236,-0.1132744646229,0.198604632931619,-0.0318299425399364,0.0801741990033023
"SL18.LD.2.MG2","SL18-LD-2-MG2",NA,0.174226445572396,0.064103547149364,0.394681877968106,-4.83097559312634,0.65815080093005,0.0185263365860535,-0.483070259908638,0.21460170849528,-0.12158977713774
"SL18.NC.5.MG1","SL18-NC-5-MG1",NA,-0.633087950048881,-0.162275135637844,-0.451898369305279,-38.4657654499204,0.236342505226707,0.34785767940563,-2.03530493317944,-0.809333783471351,-2.0187290933956
"SL18.JS.6.MG2","SL18-JS-6-MG2",NA,0.348334469534839,0.152194956919224,1.6310149239449,-19.8772502110525,-0.0759081693227187,-0.190998259918291,0.306073107350198,-0.0587655430965703,0.648556119898636
"SL18.OI.16.MG3","SL18-OI-16-MG3",NA,-0.43451568221224,-0.130920687578875,0.536463952342258,-50.9555236567668,0.397568999427198,0.108589108580885,-0.594552309681944,-0.932425330164303,-0.918798442875897
"SL18.OI.2.MG2","SL18-OI-2-MG2",NA,0.0445471065217595,-0.0184806711644069,0.063171587351717,37.0653628607604,0.381674967591703,-0.10246425723238,0.252950660328949,-0.102821244441078,0.440231661976228
"SL18.JS.19.MG2","SL18-JS-19-MG2",NA,-0.373328475167281,-0.154609062736094,-0.0373162846656397,-85.8609503362264,-0.0037356730811545,0.0121145408376196,0.374360999638214,0.675743912362149,0.56814308973521
"SL18.OD.6.MG2","SL18-OD-6-MG2",NA,0.0630741601306432,0.0195249708197894,0.544113829309396,1.90637845221711,0.0554113645319305,0.17016307855455,-0.0332121701578871,-0.264737712161226,-0.948510805939964
"SL18.NC.15.MG1","SL18-NC-15-MG1",NA,0.100983924916015,0.0136193335678501,-0.195360510288823,107.66122777323,-0.631456505267149,0.345495644683763,1.29804145660376,-0.0898736408238747,1.6295137687606
"SA18.CB.4.MG2","SA18-CB-4-MG2",NA,0.122488455947911,0.0900508018400258,-0.181448163893243,-5.52068360932867,0.0616004846630232,0.00355504852767585,-0.227220537960999,-0.281990622683971,-0.665598065595005
"SL18.OD.6.MG1","SL18-OD-6-MG1",NA,0.262680371179614,0.0765807872194189,0.317776640773567,2.55475892086639,0.253114104738084,-0.010018434611489,0.299854928324181,-0.80485970515138,-0.090980687456465
"SL18.SF.19.MG1","SL18-SF-19-MG1",NA,-0.352866434459438,-0.0994175491254417,-0.441363395256862,-50.3379625998067,0.395612326093097,0.0810221489941328,0.160483495641076,0.123860493350499,-0.709195639631007
"SL18.OI.15.MG3","SL18-OI-15-MG3",NA,0.0388183656643502,-0.000107049900828107,0.383946329556046,7.10821736384558,-1.07533790047551,-0.071897162411134,0.349515394719284,1.07238103040772,0.0863360331565496
"SL18.NC.2.MG3","SL18-NC-2-MG3",NA,0.302311048472807,0.0636128464452311,-0.44683509615764,24.2615422515996,0.246259847358427,-0.128886522853568,0.641124370005126,-0.251951760889333,0.824316686052711
"SA18.CB.1.MG13","SA18-CB-1-MG13",NA,-0.112662926627246,-0.0224237225081155,0.614281952922473,-25.3791904970082,-0.870339153000665,-0.302889485331152,0.698446291212161,-0.220745407062239,0.258269340814184
"SL18.OI.4.MG3","SL18-OI-4-MG3",NA,-0.147495429677002,-0.0548542643230424,0.0568313076554717,1.24725383817049,0.158335735800457,-0.286418571688251,-1.28646940268913,0.317795233466391,-0.843341676370663
"SL18.NL.5.MG2","SL18-NL-5-MG2",NA,-0.251517854192351,-0.0560002445347572,-0.00769354085540411,8.21144769594122,-0.0352548689108513,0.0897072432044821,-0.934466376712628,-0.200405906083269,-0.606877813850905
"SL18.LD.9.MG1","SL18-LD-9-MG1",NA,0.13048259301663,0.01607056491828,-0.245040884918373,32.1401767435232,0.316598403326306,0.0924793353697076,-0.0216913975337296,-0.451476697306114,-0.118366626799392
"SL18.NC.9.MG2","SL18-NC-9-MG2",NA,-0.0510631778738831,-0.0469642462164822,0.498058182571059,-12.9913832285383,-0.275029640116123,-0.111127042201332,0.440960996294587,0.273041215771799,0.2656923022572
"SL18.CC.11.MG5","SL18-CC-11-MG5",NA,0.625495408636858,0.162938337144405,-0.950474796125566,101.706190376879,-0.061405256040392,-0.0932284207869379,0.0298542766459693,0.261724058668285,0.0352733950637219
"SL18.OI.7.MG1","SL18-OI-7-MG1",NA,0.0524120714549295,-0.0011872065256225,-0.628958728074663,-16.1947546562849,0.155997605458967,-0.0761956019040747,0.0305885207171098,0.337114469914549,-0.489632003454818
"SL18.OI.11.MG4","SL18-OI-11-MG4",NA,0.179753702643464,0.0304714672769641,0.0228815652456804,5.20206022908952,-0.565847021120145,0.248973532127237,-0.447281204296594,-0.681916666638215,-1.11536402800676
"SA18.CB.7.MG2","SA18-CB-7-MG2",NA,0.297854321143651,0.176451459418963,0.537163699804552,115.333181983771,0.555919274619419,0.0299246828981901,-0.407014585783545,-0.429203827253029,-0.698426774693088
"SL18.JS.9.MG3","SL18-JS-9-MG3",NA,-0.519678514945917,-0.172767699289555,-0.235623457976103,-46.410499165831,0.132734233902207,0.156317500169957,-0.350714079461868,0.28312949986522,-0.419895768744549
"SL18.NC.10.MG2","SL18-NC-10-MG2",NA,-0.357602063861791,-0.164980095144079,-1.15085155689534,-1.33488019533456,0.275311616445671,-0.32135519103474,-0.236885049816593,0.528664911056978,-0.736828885262365
"SL18.NC.2.MG1","SL18-NC-2-MG1",NA,0.307975815896871,0.0822043664803978,-0.269486796909845,21.0059592679914,0.127111517745489,-0.144381906225515,0.182315883889881,0.255683669491264,0.587613739173743
"SL18.JS.11.MG3","SL18-JS-11-MG3",NA,-0.332934378232894,-0.102284804831963,-0.593572625520317,-6.5362059001368,0.303778741928738,0.041343202772835,-0.106897723282126,0.157176644101253,0.38813968200151
"SL18.OI.6.MG2","SL18-OI-6-MG2",NA,0.422512430260085,0.166610441968103,1.53380197568443,58.2015374044949,-0.474577504899147,0.0901980392972072,0.0198307735878315,0.141939536954987,0.480510905437731
"SL18.OI.11.MG3","SL18-OI-11-MG3",NA,-0.0391532393209212,-0.0312925709463093,0.0833539856754759,7.31304373191474,-0.809125781876092,0.0565820066150532,-0.0155527700361895,0.42966202028258,-0.110333284616677
"SL18.OI.18.MG3","SL18-OI-18-MG3",NA,-0.149653452419804,-0.07074227568119,0.512665681749218,-4.98804635774594,-0.222960551452582,-0.126831957208136,-0.0108575724280527,0.690212208248208,-0.255890757148501
"SL18.JS.9.MG2","SL18-JS-9-MG2",NA,-0.465441112098383,-0.180519123053362,-0.304606251454303,-41.4260866594091,-0.0291068110651156,0.173534007828884,-0.362269428851443,-0.174373141984481,-1.37037359262698
"SL18.NC.15.MG3","SL18-NC-15-MG3",NA,0.187284437801349,0.0421501406839329,-0.0169541130867262,215.325623978043,-0.180744123436873,0.0872083452745977,0.462613939252577,-0.385872401705765,0.56490917733616
"SL18.JS.19.MG1","SL18-JS-19-MG1",NA,-0.0740232809466302,-0.0498446963809343,0.133781643630785,-68.4094894768746,-0.0974442872278839,0.203402486673688,0.755228105631893,0.265402975961733,0.602546265370119
"SL18.OD.3.MG1","SL18-OD-3-MG1",NA,-0.149858236864784,-0.0422812986911159,0.260162141101787,-16.9025113695181,-0.243332068649992,0.282506212209301,-0.721814081151283,-0.288722363624269,-1.15188063850752
"SL18.NC.5.MG3","SL18-NC-5-MG3",NA,-0.640940695730563,-0.177454372791456,-0.645510024144574,-42.7170956152404,0.3122535051223,0.540671338931282,-1.90093795264418,0.198619308512556,-1.17874795498799
"SL18.OI.14.MG2","SL18-OI-14-MG2",NA,-0.0880979346970515,-0.00269530170521829,0.429727520556214,-58.8701172297499,0.410278963243303,-0.371460463916194,0.931678791084459,0.40268850374493,0.425491343313709
"SA18.CB.3.MG1","SA18-CB-3-MG1",NA,0.139692320918138,0.0688329497796314,-0.408312678959599,86.2803154343743,-0.680511574902765,-0.268256397320425,0.88592466507287,0.118904032245912,0.141664905427358
"SL18.OD.6.MG3","SL18-OD-6-MG3",NA,0.248302421063521,0.0694946116379566,0.339558466502135,-12.8769276498679,0.338488427789909,0.104984408156285,0.528973607879868,-0.949591221980483,0.433670234181828
"SA18.CB.3.MG2","SA18-CB-3-MG2",NA,-0.164296231654201,-0.0172576269649274,-1.85657806184417,71.2372304948016,0.122924984100931,-0.0188098803361061,-0.264741636116088,0.0733277702392418,-0.661767760546767
"SL18.NC.12.MG3","SL18-NC-12-MG3",NA,-0.284583476098837,-0.112104019099024,-0.160812968184685,-20.2511202247037,0.111754576030665,0.0982483982763863,-0.709008482511423,0.150771351736434,-0.411571799746554
"SL18.CC.1.MG2","SL18-CC-1-MG2",NA,-0.113460758622276,-0.0395713666896959,-0.0192120056840224,-13.7417150421763,-0.172425231388622,-0.0447568752911907,0.053359891796952,-0.0476147267748511,0.364989034119708
"SL18.NC.12.MG1","SL18-NC-12-MG1",NA,-0.135747250863355,-0.0683552762719683,0.0227961412879579,-13.481568290625,-0.0783725248870859,-0.153364235368056,0.192670296779876,0.645902839421393,-0.173359130672586
"SA18.CB.5.MG3","SA18-CB-5-MG3",NA,-0.208254526898969,-0.0624499588274145,0.00667935533109807,-74.3545195876462,-0.656482047518322,0.119023013023458,0.86357022338939,0.667918835096547,1.08826605967631
"SL18.JS.11.MG2","SL18-JS-11-MG2",NA,-0.547198537695683,-0.160668045755064,-0.526114908398525,-60.4368539806622,-0.0515536472367023,0.0550640727876765,0.561332956817224,0.764726788918423,0.446568672420905
"SL18.CC.6.MG2","SL18-CC-6-MG2",NA,0.127355102809966,0.000594695342431386,-0.281847963472004,-35.9503285080425,-0.320898774657441,-0.233561594459065,0.044977283927584,0.261055524577109,0.347220954779535
"SL18.OI.17.MG1","SL18-OI-17-MG1",NA,0.0791647592785343,0.0200280345556532,-0.00700663200078724,-20.3390567778823,-0.216921153515937,-0.14566961437761,0.222895879732259,-0.30754274319731,1.19907169195125
"SL18.CC.7.MG1","SL18-CC-7-MG1",NA,0.402044092239743,0.0984735731472734,-0.603157200368549,38.1918322883389,0.0950818658848949,0.305167742019336,-0.293898415428823,-0.485107138450604,-0.554751691206323
"SL18.OI.4.MG1","SL18-OI-4-MG1",NA,-0.0421655837572367,-0.0014928838837973,0.284786850355544,28.5238919010683,0.066839288233511,-0.175318113194231,-0.42684327651639,0.206265341844319,-0.437081766286184
"SL18.JS.6.MG1","SL18-JS-6-MG1",NA,0.057405595517318,0.0880286363850279,3.78599629008719,-43.0049374643322,-0.458903087433306,-0.107540347457511,0.401240398566872,0.294390352923559,0.959342128154914
"SL18.LD.13.MG3","SL18-LD-13-MG3",NA,-0.169568874961346,-0.059721428292667,-0.16469825524517,1.29586726396838,0.291356611074748,0.336821674060218,0.215619845387251,-0.305693533405639,0.721971993096261
"SL18.CC.2.MG5","SL18-CC-2-MG5",NA,0.41673330032445,0.127542940934404,-0.867818677686806,11.7662409178402,0.448380525150368,0.0905625881144065,0.609795264480269,0.513554098138381,0.122663998259269
"SL18.OI.7.MG3","SL18-OI-7-MG3",NA,0.420316310289373,0.114709916501391,-0.299004343622612,10.7939013611453,0.0901270283748504,-0.141678376193058,0.340065250991919,0.194222513986148,-0.143888295187197
"SL18.OI.16.MG2","SL18-OI-16-MG2",NA,-0.254081114341854,-0.0794653226878139,0.724484219561972,0.9250282364393,0.448056928282267,0.229394028910518,-1.06131348972237,-1.20210522204591,-0.156046110382841
"SL18.NC.8.MG2","SL18-NC-8-MG2",NA,-0.538642439308338,-0.168707121463477,0.248716354492783,-51.6779186103206,-0.298496547499764,-0.16160232584279,0.273795943645494,-0.167055722409155,0.527239671841821
"SL18.LL.9.MG4","SL18-LL-9-MG4",NA,0.101045188371765,0.0394109245051911,-0.341443611279823,100.721401680186,0.355538166778126,0.278363825157282,-0.144038030296599,0.241607262379595,0.0165121721565091
"SL18.NL.7.MG2","SL18-NL-7-MG2",NA,-0.279516374208248,-0.0876993866178273,0.634130862446687,-34.3510749315513,0.447134783118071,0.0792157574791246,-0.524446122230317,-0.051277240322178,-0.81326366131652
"SL18.OI.5.MG3","SL18-OI-5-MG3",NA,-0.342347853839019,-0.0857824324088782,0.47181835460091,-26.749790626082,-0.437168496447525,0.131629499469914,-0.00351684466125315,0.27198927854118,0.180362089090371
"SL18.NC.2.MG2","SL18-NC-2-MG2",NA,0.255275650487199,0.0685879396002924,0.0473233014346428,-2.39722598471905,0.377997233617402,-0.0429374083029113,-0.314223573632088,0.00634882269373318,-0.16043637639628
"SL18.OI.18.MG1","SL18-OI-18-MG1",NA,-0.169373035192457,-0.0593396563071432,0.247107915281506,-3.39412242984516,-0.26832440432586,-0.147911555963339,-0.0574597126736835,0.388743487263002,-0.0694261851215682
"SL18.NC.11.MG2","SL18-NC-11-MG2",NA,-0.134203171110511,-0.0583167654589,-0.181538944651816,6.41246335072587,0.164559253093452,-0.25746297657511,-0.115926892916292,-1.13504488850243,-0.260447783623278
"SL18.LD.1.MG1","SL18-LD-1-MG1",NA,-0.0573060805440877,-0.0227345458734138,0.227988436667078,-15.3568817006649,0.338003104996185,0.353274813443,-0.988161106720154,0.0894672924266451,-0.606389793798525
"202","SL18-OI-11-FG3xSL18-CC-1-MG3",NA,0.388621036345578,0.116676563579564,-0.091682452905644,12.9669937617595,-0.253976269834758,0.110721120679952,0.48081972767943,0.00435984247552557,0.522485411818529
"204","SL18-JS-16-FG3xSL18-NC-10-MG3",NA,-0.345296682710382,-0.154919653310793,-0.896218046677764,-40.7732046276241,-0.164130906488899,-0.220711706256834,0.151300235784317,0.358012259576951,0.300972257378649
"207","SL18-OI-5-FG5xSA18-CB-7-MG3",NA,-0.0460164265965288,0.0304081312917109,0.707335877859091,16.2794720029087,0.0138484670577324,-0.0570571807153154,-0.00792792503382369,0.249791384799969,-0.0379966257375914
"215","SL18-CC-1-FG2xSL18-OI-16-MG1",NA,-0.195229396665227,-0.0857493909020337,0.235024863842532,-5.65689386224998,0.362543663473776,0.105855791124497,-0.0573303993302108,-0.154743985583379,-0.0793579336559798
"216","SL18-NC-11-FG1xSL18-NL-2-MG1",NA,-0.318273571603988,-0.123459734639457,-0.101238133041478,-36.7985518464343,-0.265468138556419,-0.131873663229266,0.234176711159792,-0.0376566674143252,0.251374449270922
"217","SL18-CC-5-FG2xSA18-CB-10-MG1",NA,0.355849803259456,0.139940545048499,-0.248907732235184,0.475949706443014,0.0429695068405591,-0.185354463987174,0.471289025145743,-0.482368275792275,0.515137656116385
"219","SL18-LD-13-FG2xSL18-LD-13-MG2",NA,-0.354051363828115,-0.100725663564473,-0.0150744753945791,-0.731012983931332,0.372428162373868,0.232020282359866,-0.261252598400131,0.231335304023997,-0.534780217592047
"223","SL18-CC-5-FG3xSL18-OI-14-MG1",NA,0.265359488858256,0.0645733394845905,-0.554492163939947,-28.5752553082443,0.188642644997124,-0.31585310307139,-0.0493883661740215,0.150891794739334,0.129398555677639
"224","SL18-CC-11-FG3xSL18-CC-3-MG1",NA,0.391976282301569,0.124214020102505,-0.311327845178288,63.2560887137643,-0.0870259488987384,0.0636640166264937,-0.134304161024579,0.279133274750222,0.0239909706365635
"226","SL18-CC-11-FG3xSA18-CB-3-MG3",NA,0.518333087814698,0.1706664140108,-0.731524793649131,167.367964742686,0.0528315595866975,0.0660425764934494,0.0105438816991258,-0.202201253944085,0.110374135214591
"233","SL18-JS-16-FG1xSL18-CC-4-MG11",NA,-0.260019515824054,-0.0921280574277317,0.00310252517852258,-38.8579539491413,0.192641375952022,-0.179016335291006,-0.449257324609268,-0.526321536738056,-0.463341617756753
"236","SL18-CC-11-FG3xSL18-JS-16-MG1",NA,0.316642920445375,0.0691196235200556,-0.346304097393812,48.53240812953,0.0247568607712545,-0.00332858732696018,0.0757633878964486,0.395751885840958,0.34398276827479
"237","SL18-NC-12-FG2xSA18-CB-4-MG3",NA,-0.126636558688974,-0.0607295523697436,-0.375436394796458,-20.7588224601778,-0.0166712410851261,-0.0859617304518517,-0.112600655756476,-0.0326041129619622,0.0447129098702435
"238","SL18-OD-5-FG1xSL18-CC-8-MG2",NA,-0.228402921314834,-0.0708315330159795,-0.230349747038332,2.38600504669124,0.337320158513213,-0.137510104292508,-0.397928835516795,0.444560284793254,-0.107585472794511
"239","SL18-CC-1-FG3xSL18-OI-9-MG2",NA,-0.189859465371642,-0.0462534396567513,0.340053706821186,2.25455346096669,0.228433323092722,-0.11875848324975,-0.261550755479452,-0.362459651154517,-0.344715041710032
"241","SA18-CB-9-FG1xSL18-JS-5-MG3",NA,0.19162025226156,0.0658803840704613,0.156125297262349,-19.0949237347415,-0.0110570953100423,0.0391308195806034,-0.0150844936266481,0.441220371920343,0.233285797489224
"243","SL18-CC-5-FG1xSL18-JS-9-MG1",NA,-0.155800951093875,-0.0559541202231619,-0.46982036051847,-32.5131361414143,0.127651424549233,-0.105474677314276,0.240712775245174,0.00448796845940611,-0.166623644741777
"244","SL18-OI-15-FG1xSA18-CB-2-MG3",NA,0.120265869701579,0.0336602081588398,0.0745865302505909,-8.15884637869813,-0.249922889814589,-0.0381182048882712,-0.325277628812465,0.0525300975147907,0.0966773593819097
"245","SL18-CC-12-FG3xSL18-OI-15-MG2",NA,0.356140775101558,0.107387251674808,0.252017757767259,34.3165288569272,-0.57749493106643,-0.101578850147311,0.306596940709261,-0.126701209043374,0.528529455513756
"246","SL18-SF-17-FG2xSL18-NC-1-MG1",NA,0.100388775712303,0.00532712620476798,-0.201251630678246,-14.5010045801476,-0.172433736243902,0.108517943965302,-0.032900958706542,-0.475266339893617,-0.0553271363387911
"247","SL18-JS-5-FG1xSL18-LD-2-MG4",NA,-0.210330400907,-0.0834907104295843,-0.632132783141909,-52.1620290245311,-0.150651443393478,0.0930452525635343,-0.276833272896592,-0.107833581125559,-0.171186383166191
"248","SL18-OD-5-FG3xSA18-CB-1-MG12",NA,-0.219923727301031,-0.0584354173704389,0.132190928866976,-10.8175074206727,0.13268372364724,0.117420601860807,0.0242915825156515,0.298813879946733,-0.0773767750808248
"250","SL18-CC-5-FG3xSL18-JS-5-MG2",NA,0.191683780196879,-0.00541495315069618,-1.29652637455444,-12.457108360419,0.121509681942673,-0.285990120859676,0.249390695273474,-0.0574308314172458,0.216936273417477
"251","SL18-SF-13-FG1xSA18-CB-7-MG1",NA,0.132855094862776,0.0531929007975558,0.236282524779855,-1.04620068240951,-0.279316902893359,-0.0980312872722087,0.018261328153358,0.0251935845840403,0.0494788532760997
"252","SL18-LL-9-FG6xSA18-CB-10-MG3",NA,-0.0960811116510948,0.0196972897213497,-0.225995200691526,32.3065361821892,0.432725688933416,0.493820537775637,-0.57135164221681,0.306612053411657,-0.339330671968641
"253","SL18-OI-15-FG2xSA18-CB-2-MG3",NA,0.219301416387195,0.0606687213336286,0.240261719588921,-1.43520833573362,-0.32143407154044,-0.19917723603946,-0.216874658229107,0.281883713025623,-0.224774567001335
"254","SA18-CB-2-FG3xSL18-NC-9-MG1",NA,0.132007212478683,0.0196556631735187,0.353918110051244,-18.4999645676671,-0.503014323065537,-0.248852863598775,0.096395190062825,-0.235660693876571,-0.0563523145417355
"256","SL18-NL-2-FG3xSA18-CB-4-MG1",NA,-0.31508948757629,-0.0882790888756088,-0.202099028045152,-45.8437502379947,0.315767457969079,-0.050167923948581,-0.71250239314275,-0.0122456657752434,-0.492453245683329
"259","SA18-CB-5-FG4xSL18-CC-1-MG3",NA,0.136742982096261,0.0350469516099987,0.177789437404086,-31.6648506823616,-0.424165754270656,0.112339257760005,0.277584017608417,-0.00865164256796877,-0.253974804244133
"260","SL18-CC-3-FG1xSL18-JS-6-MG3",NA,0.357170541497229,0.131836889827384,1.00140662810028,-12.5717157177961,-0.628762426240527,-0.0756203810507286,0.27573730960598,0.135366921178828,0.0149902077374936
"261","SL18-JS-16-FG1xSL18-LD-2-MG2",NA,-0.143472740252097,-0.046275559099985,0.285061829833168,-24.645296155559,0.468108497382044,-0.114744360046523,-0.556183434127922,-0.0616718920045889,-0.339980061715997
"262","SL18-NC-10-FG1xSL18-NC-5-MG1",NA,-0.628647762028215,-0.183843995127394,-0.770651838027979,-37.8542203978044,0.200313967565679,0.144352635574351,-0.836981811542903,-0.29093615631915,-0.949065997166429
"264","SL18-OI-17-FG4xSL18-JS-6-MG2",NA,0.393581067675564,0.14574970014174,0.708661903000472,-1.55476595539408,0.135903025428006,-0.0600772409290196,0.129428241402794,-0.265999208772755,0.476720173053226
"265","SL18-CC-1-FG2xSL18-OI-16-MG3",NA,-0.250632018698356,-0.0832287810411885,0.334167502313975,-19.1184199089213,0.3481179508202,0.0398018440554467,-0.573658108904025,-0.467299823490595,-0.624414374928454
"266","SA18-CB-2-FG3xSL18-OI-2-MG2",NA,0.216120298235347,0.0408338766611334,0.0161974322727357,12.2827434562833,0.0195922093093831,-0.123658817991369,0.11801169611742,-0.23961643618166,0.275659200389671
"267","SL18-CC-5-FG3xSL18-JS-19-MG2",NA,0.092639153670969,-0.0256584561876387,-0.613203690701883,-44.4071636573508,-0.0974960939953999,-0.140354966258906,0.25141483940924,0.428404332858281,0.326045951524902
"269","SL18-CC-3-FG2xSA18-CB-10-MG3",NA,0.309911085489532,0.154893096623362,0.190960701071748,21.9546518336079,0.246016924383581,0.331615240247182,0.264361606115816,-0.0602305406973229,0.250540671825539
"271","SL18-CC-1-FG1xSL18-OI-16-MG3",NA,-0.16551958605772,-0.0633077982896686,0.40675740792602,17.3735787331537,0.394565789925352,-0.0159241364006268,0.117582565598474,-0.411914557605447,-0.199382698778453
"272","SL18-JS-16-FG3xSL18-OD-6-MG2",NA,-0.156491732607949,-0.0716375353618233,0.136118843255843,-26.2829004816282,-0.140225123774002,-0.0482804649787023,0.163912086469262,-0.124176846720049,-0.0803501657106146
"278","SL18-OI-4-FG2xSL18-NC-15-MG1",NA,0.238668259704612,0.083235578763484,0.22557608553469,109.492695726414,-0.215715635389804,0.107874484493766,0.492584697379376,-0.0867484638418499,0.839241431170219
"280","SL18-NC-12-FG2xSL18-OI-16-MG1",NA,-0.270907309532921,-0.124398316895276,0.109794197548421,-17.7020912797013,0.0761426060752571,0.195686651640007,0.0906108191888742,0.101687905043399,-0.0499132034118163
"282","SL18-CC-8-FG2xSL18-JS-5-MG3",NA,-0.0249725006678641,-0.016913004502377,-0.545810028767307,-11.1439911440813,0.12103507468759,-0.0687755949671678,0.342676655575783,-0.133048018353123,0.574262486273363
"284","SL18-OI-4-FG2xSL18-JS-19-MG2",NA,0.00151205966296434,-0.000878619388487856,0.304598198346282,12.7316066716862,0.0981457622685346,-0.0588166799505075,0.0307417364091176,0.296060556867822,0.308556411450055
"286","SL18-OI-6-FG2xSA18-CB-4-MG2",NA,0.445400706236545,0.208727784811961,0.863291361507261,27.9450628817419,-0.145585187344004,-0.019925231743925,0.298727945107228,0.0286633494234431,0.134074239263148
"289","SL18-CC-3-FG1xSL18-JS-5-MG2",NA,0.0324633264494597,-0.0142484873113811,-0.568364021815389,-14.3260291233463,0.0580707868669119,-0.158560602209227,0.36159267125911,0.0033178903760652,0.149861623872105
"291","SL18-CC-3-FG2xSL18-OD-6-MG1",NA,0.330566020360073,0.117697147041538,0.339510526648935,18.7953944219107,0.084825317335473,0.0301615731832443,0.614722477433528,-0.406046446961071,0.204528189523653
"292","SL18-LD-2-FG2xSL18-SF-19-MG1",NA,-0.255279570429464,-0.0697764708248466,-0.312305699366397,-48.0884634857229,0.393408179406,0.0610688427391967,0.140382219457123,0.167779000335999,-0.490180594289701
"293","SL18-LD-13-FG2xSA18-CB-7-MG1",NA,-0.159942152851167,-0.0253821570048038,0.422946875386166,-7.98352186191706,0.129126032463159,0.000634691259578555,0.280429020327266,-0.188983736147921,0.237931399016366
"296","SL18-OI-6-FG2xSL18-LD-2-MG2",NA,0.471269701048787,0.19575415746663,1.15135638243794,28.2899168898431,0.152691196031968,-0.0124392168677888,0.17080189909709,0.276958790464847,0.406076068522514
"297","SL18-CC-12-FG3xSL18-OI-15-MG3",NA,0.199731445389151,0.0500623260122103,0.22195374266324,38.4823958589131,-0.993782260041329,-0.103343761338597,0.229625376341646,0.108313165369754,0.321611147098335
"300","SL18-CC-11-FG3xSL18-NC-2-MG3",NA,0.535945652140661,0.140565194557157,-0.606270460880644,88.8920362106161,0.161694466390358,-0.0182890759062282,0.333776828201948,-0.0213967902891392,0.61397594831434
"302","SL18-CC-12-FG2xSL18-OI-15-MG2",NA,0.596869065134918,0.182835672418449,0.117653790309119,49.5869438049959,-0.27292324605319,-0.0708920327985161,0.458578764738166,0.139395195057201,0.606735210904896
"303","SL18-SF-17-FG2xSA18-CB-1-MG13",NA,0.174217472582356,0.0382701350764267,0.202759539346414,-22.102410472848,-0.561008483591008,-0.14539140640272,0.566630673974599,-0.0584742961838901,0.51938467836019
"312","SL18-SF-17-FG2xSL18-OI-4-MG3",NA,0.156801221057478,0.0220548641689633,-0.0759657832870876,-8.78918830525865,-0.0466697505630416,-0.137155804538321,-0.425829380693234,0.210796883328531,-0.0314220793747848
"313","SL18-NC-10-FG3xSL18-NL-5-MG2",NA,-0.361283881780657,-0.121936347271458,-1.23641567435033,-6.5999267291218,0.0529796484743101,-0.0381610826139819,-0.317188018877905,0.160877046857282,-0.226673809313231
"315","SL18-CC-8-FG2xSL18-LD-9-MG1",NA,0.0999852004762225,0.0179287637824427,-0.391670168067889,22.9470127279809,0.171947772714415,-0.00976560377562186,0.246190671489121,-0.298239188303688,0.398364347285389
"319","SL18-NL-3-FG3xSL18-NC-9-MG2",NA,-0.00116342940162903,-0.0418967527738064,-0.1030952806809,-18.7410514024701,-0.313443470380493,-0.0865646422175941,0.247353912095266,-0.089299925426003,0.333588277812913
"320","SL18-OI-6-FG3xSL18-CC-11-MG5",NA,0.536556282780398,0.188750437149175,1.27461315456373,72.5837230968351,-0.286638707874233,-0.094267389767902,0.279231464365378,0.477406498200183,0.54762070311486
"321","SL18-CC-8-FG1xSL18-OI-7-MG1",NA,-0.207210888933064,-0.084506502451216,-0.527417772088932,-23.327273275925,-0.0105856713222139,-0.19002752349139,0.213069117519255,0.365254095191505,-0.0465176864889952
"322","SL18-JS-5-FG1xSL18-OI-14-MG1",NA,-0.253488455377357,-0.0777261328897848,-0.561229849771699,-63.2555996824487,0.27150359228085,-0.0477830287643502,-0.651932010014867,-0.133858566194489,-0.447022832903119
"325","SL18-NC-10-FG1xSL18-OI-11-MG4",NA,-0.222226935682042,-0.0874706936699898,-0.533261870752499,-16.0203075582995,-0.200780637634762,0.0949105576467089,-0.0429650550283896,-0.227225521842419,-0.497378860505074
"328","SL18-SF-17-FG2xSA18-CB-7-MG2",NA,0.379476096467805,0.137707726039966,0.164200412787453,48.2537757675414,0.152122159249712,0.0210168507249535,0.0138980523568145,-0.162704027039773,0.0410369219042696
"330","SL18-CC-9-FG3xSL18-JS-9-MG3",NA,-0.296226422032654,-0.0971477086254826,-0.17514270646354,-22.4835874416383,0.130695737454789,0.129768004716042,-0.297976074692145,0.305241545921898,-0.0978105414550288
"334","SL18-CC-5-FG2xSL18-NC-10-MG2",NA,0.0463874237894278,-0.0200727948457847,-0.720276116675931,13.1175836124273,0.264646714162677,-0.404802629213821,0.173307852876707,0.255342082245911,-0.35717463807723
"336","SL18-OI-11-FG3xSL18-NC-2-MG1",NA,0.413596508501816,0.120580316811467,-0.249041187703295,22.3046686848953,-0.137603528741493,-0.0152984052950494,0.381455394389102,0.265428553927678,0.805156293347945
"337","SL18-NC-9-FG2xSL18-JS-11-MG3",NA,-0.270449556118624,-0.0919663743390961,0.0200094636587212,-8.76432736724142,-0.0950057010776877,-0.105281690336318,0.0585503527291105,0.348229972527075,0.224904000536922
"340","SL18-LD-9-FG4xSL18-OI-6-MG2",NA,0.249653809536572,0.0794803672534298,0.562504949423241,52.4116849274816,-0.235544238403207,0.163567929974425,-0.248319002642375,-0.124990840943826,0.104576074364584
"342","SL18-CC-3-FG2xSL18-OI-11-MG3",NA,0.179649215109805,0.0637604679586745,0.22229919909989,21.1745368274349,-0.446295509640458,0.0634618677928558,0.457018328439881,0.21121583603289,0.194851591724017
"344","SL18-OI-9-FG4xSA18-CB-1-MG12",NA,-0.161553054125493,-0.0315984165592525,0.516032185315465,-10.8835049298014,0.0503987224964863,-0.151876753772568,0.418078501629703,0.163045371906709,0.319507305469425
"346","SL18-CC-3-FG2xSA18-CB-4-MG2",NA,0.260470062744221,0.124432154351842,0.0898981243155303,14.7576731568132,-0.0109313616190335,0.0369488279933799,0.351183545588215,-0.14461130070459,-0.0827828235853951
"349","SL18-NC-5-FG2xSL18-JS-11-MG3",NA,-0.493567892036324,-0.13871427729544,-0.586116905140003,-25.9432135138521,0.272447156892918,0.294252228360302,-0.288964176961143,-0.184562441064408,-0.311127282185597
"350","SL18-CC-8-FG1xSL18-OI-18-MG3",NA,-0.30824365087043,-0.119284037029,0.0433944328230086,-17.7239191266556,-0.200064951441006,-0.215345745461538,0.192346306682805,0.54180327159626,0.0703531496947305
"352","SL18-CC-6-FG3xSL18-JS-9-MG2",NA,-0.310069569802272,-0.135312725628487,-0.268388769538198,-47.0431223092033,-0.158258487630248,0.00564499207223223,-0.184701832978932,-0.208923601872527,-0.578718974667883
"357","SL18-NL-7-FG4xSA18-CB-1-MG12",NA,-0.315169442523776,-0.0816996460933591,0.218143503092367,-16.9483515743693,0.199962952280509,0.0348886576825743,-0.0148657918439924,-0.197474054686424,-0.190596121680235
"358","SL18-CC-1-FG1xSL18-NC-15-MG3",NA,0.145380473949074,0.0232276158417353,0.130048375211528,150.514152550559,0.105409311216377,-0.0266144789695341,0.646163535439683,-0.138639021620087,0.542470307918343
"362","SL18-CC-1-FG1xSL18-CC-4-MG11",NA,0.022304702262641,-0.0116481792532959,0.0539070660842982,26.2231949713915,0.249389345499218,-0.125227314551314,0.280246734143593,-0.303048983086775,0.0758630851040221
"364","SL18-CC-5-FG2xSL18-NC-9-MG2",NA,0.199656866783382,0.0389351296180135,0.104178753057267,7.28933209582541,-0.0105228760100093,-0.29968837701748,0.512225380225488,0.127528166392129,0.144074066446901
"366","SA18-CB-9-FG1xSL18-JS-19-MG1",NA,0.214325016424017,0.0677645217056739,0.499676422236346,-35.2787529728782,-0.167167394780525,0.153602148617675,0.276893933715127,0.634467574486398,0.417847386019158
"367","SL18-NL-3-FG1xSL18-OD-3-MG1",NA,-0.231834415323107,-0.0985520793309017,-0.41667990471877,-21.804440536822,-0.102153850500413,0.0859137732252486,-0.348739884354735,-0.054863103278574,-0.47571045899456
"368","SL18-CC-5-FG3xSA18-CB-1-MG12",NA,0.149715296398841,0.0194137859415736,-0.45631455348674,-11.2774330785502,-0.131696594161966,-0.122174987690188,0.298708574710198,0.191496126702326,0.19406278601249
"369","SL18-CC-8-FG2xSL18-NC-5-MG3",NA,-0.285726443897374,-0.0788337050724253,-0.59190473768099,-14.4816234514009,0.169775098254142,0.214330962134571,-0.693434872355183,0.0268100506606674,-0.131826760325243
"374","SL18-CC-6-FG3xSL18-OI-14-MG2",NA,-0.121397981101606,-0.0464008149544155,0.0987781164670606,-55.7651375943736,0.0614344672147112,-0.266852830954148,0.462275267269763,0.0796084925953417,0.319214477851887
"377","SL18-NC-12-FG2xSA18-CB-3-MG1",NA,-0.0392059300008614,-0.0220008883551773,-0.263451479631063,37.4543022191979,-0.477325589154092,-0.0587910785209087,0.314525236963098,0.314799852211702,-0.0647337757482222
"378","SL18-CC-3-FG3xSL18-OD-6-MG3",NA,0.284488351504767,0.0895685177999373,0.261310222197418,-11.4852355879674,0.202648435828284,0.0807152669201696,0.58259127861881,-0.688332594306591,0.590233907779439
"379","SL18-CC-6-FG2xSL18-OI-14-MG1",NA,0.0540042184094802,0.00780812019039497,-0.369648507025082,-26.883253872898,-0.0422961538858359,-0.303787964495426,0.0012692274908954,-0.225637072273167,0.173058906121916
"380","SL18-JS-19-FG3xSA18-CB-3-MG2",NA,-0.302541003528055,-0.0848875006724572,-0.995627561031642,-14.0810181256086,0.107772936960522,0.0579481345104621,-0.0871614974275974,0.109841143704152,-0.397122252671372
"381","SL18-NC-12-FG2xSL18-NL-5-MG2",NA,-0.234811017556106,-0.0844174855123716,-0.0631419105789659,-1.5801316500186,-0.154696423866019,0.120191590519884,-0.595673338881024,0.155143845081608,-0.439004237409292
"383","SL18-JS-5-FG1xSA18-CB-1-MG12",NA,-0.369132647836772,-0.122885686432802,-0.463052239318492,-45.9577774527546,-0.0488360607853429,0.145894900678883,-0.303826586274034,-0.0932547680522426,-0.382332875644499
"384","SL18-JS-16-FG3xSA18-CB-4-MG3",NA,-0.205613280902314,-0.0857122098964687,-0.45207932604405,-42.3090566699253,-0.0475335744078779,-0.294661734025216,0.196358968332187,-0.279762182863749,0.574191400131681
"385","SL18-OI-4-FG2xSA18-CB-7-MG2",NA,0.33710345781843,0.16465164168904,0.591838190581378,113.328672831685,0.377973157339329,-0.0499115938706897,-0.35994457957921,-0.256414491865863,-0.324733266021386
"388","SL18-NC-1-FG1xSL18-NC-12-MG3",NA,-0.290467085600524,-0.105363951311994,-0.187245950245691,-18.2117379794452,0.151800327109343,0.1470417647414,-0.861519139324258,-0.275294431043465,-0.556172925482241
"392","SL18-NC-15-FG3xSL18-CC-1-MG2",NA,-0.11368604070865,-0.0398551322317021,-0.111237903442799,25.204259706582,-0.40145806833137,0.0415244247690333,0.293652348655529,-0.0717342937158151,0.750073548958755
"393","SL18-SF-17-FG2xSL18-NC-12-MG1",NA,0.162675310464301,0.0153043581945003,-0.092983366470844,-16.1535993696564,-0.165024088333504,-0.0706286911318923,0.313742838794356,0.374850922734522,0.303570386719212
"394","SL18-CC-5-FG2xSL18-NC-10-MG2",NA,0.0463874237894278,-0.0200727948457847,-0.720276116675931,13.1175836124273,0.264647798346929,-0.404802917288019,0.173295529617846,0.255336446124631,-0.35719960312818
"396","SL18-NL-3-FG1xSA18-CB-7-MG2",NA,-0.00797813631888978,0.0108142997241376,-0.278179125367388,44.3134061398223,0.297471951896024,-0.0403777722337561,-0.191338995463623,-0.12510256340826,-0.248981443600831
"398","SL18-LL-9-FG2xSA18-CB-5-MG3",NA,-0.274951363566249,-0.0749628481018964,-0.224648116893603,-25.1092093285252,-0.369758527600787,0.209058334467617,0.640211490225763,0.664530463777095,1.01448746233046
"399","SL18-SF-17-FG2xSA18-CB-7-MG3",NA,0.405634260678358,0.134899704538905,0.238590507124342,18.0020913474867,0.102611974407371,-0.00310661259154391,0.574442106675452,0.326539999441535,0.670380595319873
"400","SA18-CB-4-FG6xSL18-JS-6-MG3",NA,0.356895808889355,0.138613226165044,0.714037122448926,-21.5777156103369,-0.281188468747759,-0.0267077331102623,-0.131880612976123,-0.628349376476028,-0.300431355758603
"405","SL18-CC-3-FG1xSL18-JS-11-MG2",NA,-0.15351633134065,-0.0375214818578086,-0.129440649829272,-33.564036242496,-0.18484392712945,0.00854922226580659,0.457101996834132,0.533644888034779,0.198187774516798
"413","SA18-CB-5-FG6xSL18-CC-6-MG2",NA,0.0997937469182829,0.00390390267536962,-0.00917116726428991,-54.6503394880109,-0.326527361112962,-0.108839579175245,0.162571152297402,0.500149342161686,0.328467829784411
"424","SL18-JS-19-FG3xSL18-OI-17-MG1",NA,-0.180810508061688,-0.0662446699121669,-0.0708418461099495,-59.8691617619506,-0.0621510420499356,-0.00548193683606863,0.156658564712893,-0.0805951158568708,0.533302515368314
"468","SL18-OI-17-FG4xSL18-CC-7-MG1",NA,0.420435879028017,0.118889008255765,-0.40842415915625,27.4797752943016,0.221397652699113,0.188006340127463,-0.170558213819248,-0.479170229529659,-0.124935057700792
"479","SL18-OI-17-FG1xSL18-OI-4-MG1",NA,-0.0100645768199719,0.00409538893518976,0.135182454266672,10.3058504840858,0.0340755068568522,-0.121259980687067,-0.157025960028463,0.0768411761594325,-0.0903355920841803
"508","SL18-CC-6-FG2xSL18-OI-11-MG4",NA,0.157824972127565,0.0101165895246948,-0.398261108831359,2.81634306065333,-0.609490615596743,-0.00985951361078614,-0.10875885195702,-0.626959101682723,-0.472050816223753
"509","SL18-JS-9-FG3xSA18-CB-10-MG1",NA,-0.132713528008501,-0.0149266420988917,-0.327744034450479,-40.6783703751957,-0.087857362893023,0.0979700528372418,0.0732070350324796,-0.435040463649825,0.307461758547163
"510","SL18-OI-6-FG3xSL18-JS-6-MG1",NA,0.252511376220628,0.151295586769486,3.6428486976701,0.228159176229578,-0.485387715989531,-0.101423208964315,0.464924980481689,0.493739846055272,1.00965649706307
"511","SL18-SF-13-FG2xSL18-JS-11-MG3",NA,0.173535284672642,0.041471377787077,-0.490411052092362,26.8074777231049,0.0919264546917375,-0.0729098130605836,0.110595397265117,0.0422959529342543,0.356405535289525
"512","SL18-JS-19-FG3xSL18-LD-13-MG3",NA,-0.305177325181628,-0.106119401336327,-0.149687657732141,-49.0516997410252,0.191988359498811,0.235764180836877,0.153020847120729,-0.0796708908955007,0.294752727868135
"520","SA18-CB-2-FG3xSL18-CC-2-MG5",NA,0.402213395136692,0.113845682710539,-0.449297700246526,-0.366817515176771,0.0529457544768192,-0.0271453493171853,0.296435076324997,0.0685722959869856,0.116874944017931
"523","SA18-CB-9-FG1xSL18-OI-7-MG3",NA,0.461494812042019,0.150041828146836,0.283283428609647,4.32294244613178,-0.0733820358150023,-0.0189386653276935,0.0693111609775977,0.598877527736644,0.0446286039255318
"524","SL18-CC-3-FG1xSL18-OI-16-MG2",NA,-0.00695761966373631,0.00307987967581623,0.495858914150977,-2.88309513394534,0.0649620280447832,0.0957143609075392,-0.354223686265874,-0.449773297561394,-0.103120033255719
"525","SL18-CC-8-FG1xSL18-NC-8-MG2",NA,-0.502738144314697,-0.168266459920143,-0.088580230805209,-41.0688552529429,-0.237833360727238,-0.232731106958037,0.334673527710812,0.113168279388047,0.461919631560378
"531","SL18-SF-13-FG2xSA18-CB-2-MG3",NA,0.469810651038292,0.128711403935988,-0.205929470949361,24.5528738834181,-0.184694539208429,-0.142189037750448,0.0426135574735371,-0.173974690451793,0.298350994531448
"534","SL18-SF-13-FG2xSL18-JS-9-MG2",NA,0.107281917739897,0.0023542186763774,-0.345927865059355,9.3625373434687,-0.074517391474978,-0.00681426451970411,-0.0170876922570422,-0.123478165877794,-0.522852508954014
"535","SL18-JS-19-FG2xSA18-CB-10-MG3",NA,-0.0719602427862147,0.00500796285312688,0.0441587188523608,-41.209396179543,0.389921730144252,0.471997084929854,-0.582956423105543,0.117022666519882,-0.540822861819456
"536","SL18-CC-6-FG1xSL18-JS-5-MG2",NA,-0.175324660769797,-0.0873842800844748,-0.922079625274952,-18.7475915870056,-0.26035265141373,-0.272558186330722,0.255185870321125,-0.0378216159803162,0.447593780981546
"546","SL18-CC-12-FG2xSL18-LL-9-MG4",NA,0.471573146776219,0.145269733958862,-0.275105195212833,100.559402965152,0.0262301969190864,0.102473784278494,0.134829556784614,-0.0409794938902239,0.364904099326375
"547","SL18-NL-3-FG1xSL18-OI-7-MG3",NA,0.0532528582539712,-0.0200564717346484,-0.69626314708097,-7.95623417149034,0.0645765365999584,-0.1261786966679,0.182200905891251,0.186609521249778,0.0282872399635551
"555","SL18-NL-5-FG1xSL18-OI-14-MG1",NA,-0.118179053139405,-0.0149977569482434,0.161523431525713,-33.2053714497075,0.467676915209016,-0.279035748541003,-0.122294169732785,-0.170852153866797,-0.261094512124167
"557","SL18-NC-8-FG1xSL18-NL-7-MG2",NA,-0.296860123276157,-0.0972197771522031,0.66640868114849,-41.7007128456919,0.269031044433245,0.0483175948354256,-0.339355517029619,0.0524183894127586,-0.527442248328361
"558","SL18-JS-5-FG2xSL18-OI-5-MG3",NA,-0.336486694857656,-0.106006881738066,-0.111986599338132,-39.4839096670762,-0.230977093973618,0.125926508341105,0.106139922845118,0.175668354275746,0.248879347969504
"561","SL18-CC-10-FG4xSL18-NC-2-MG2",NA,0.279741284334597,0.0811849425173225,0.131972205628898,-0.439847249003873,0.343780062927031,0.00634553641320198,-0.528840533590107,-0.0250721438379383,-0.464150680065683
"562","SL18-NC-5-FG3xSL18-OI-2-MG2",NA,-0.218806481064598,-0.0801178874357833,-0.211678057627019,9.99570532128588,0.462286159768193,0.0545005015130684,-0.167647751472811,-0.0739487530314826,-0.271894986327367
"563","SL18-OI-16-FG2xSL18-OI-18-MG1",NA,-0.226688350613425,-0.0750196214466144,0.318375859021473,-9.4923683689012,-0.0445439701429566,-0.0366809565939518,-0.186802068548128,-0.0859262574596333,-0.123418208196531
"564","SL18-CC-1-FG2xSL18-NC-11-MG2",NA,-0.100475763147492,-0.046926819981201,-0.0248339461830618,9.56557359482499,0.231613817085113,-0.143224300779256,-0.334342180826852,-0.568608106679508,-0.295237667602011
"566","SL18-CC-12-FG3xSL18-NC-11-MG2",NA,0.11322067700172,0.0209574682331744,-0.0607888944406903,38.1345188523532,-0.373832657676316,-0.196126915863691,-0.00309752543876271,-0.995402393401572,0.148218739657432
"567","SA18-CB-7-FG1xSL18-LD-1-MG1",NA,0.0393898171430577,0.0305327295781136,0.427906217006216,3.66519103695284,0.384953705764953,0.252583241124663,-0.697068436409551,0.0686433003909749,-0.433184589436372
"570","SL18-NC-10-FG3xSA18-CB-3-MG2",NA,-0.317673070511582,-0.102565038486543,-2.16085793484472,24.9129646703084,0.132069628933584,-0.0924193659543153,0.0176740818194253,0.297742934552576,-0.254114426372062
