"","Contig","Total_Number_of_Heter","Number_of_SNPs"
"1","000010F",297574,11550
"2","000012F",4732,127
"3","000018F",79629,2010
"4","000023F",183634,8417
"5","000027F",155716,6731
"6","000028F",85750,3437
"7","000045F",28821,663
"8","000046F",217591,9513
"9","000051F",112598,4038
"10","000052F",152046,6320
"11","000054F",32086,722
"12","000055F",190790,7819
"13","000058F",125476,4798
"14","000059F",70733,1688
"15","000060F",104505,5971
"16","000062F",108066,4185
"17","000064F",135865,5798
"18","000065F",99101,4627
"19","000066F",96324,3422
"20","000067F",54591,1797
"21","000068F",155273,7290
"22","000070F",161685,6601
"23","000071F",16089,510
"24","000073F",48190,2370
"25","000075F",38974,1744
"26","000076F",66720,2885
"27","000078F",97449,3647
"28","000080F",33734,1491
"29","000082F",219920,10657
"30","000084F",59559,2641
"31","000085F",86570,3591
"32","000086F",75807,3621
"33","000087F",38958,1487
"34","000090F",79837,3259
"35","000092F",69100,2920
"36","000097F",112847,7347
"37","000099F",64704,2917
"38","000100F",103342,4623
"39","000101F",63258,1450
"40","000103F",7326,164
"41","000105F",83896,3936
"42","000108F",120083,5744
"43","000109F",150121,7286
"44","000112F",42951,997
"45","000113F",68,2
"46","000114F",46322,1976
"47","000116F",33611,1306
"48","000118F",228063,10819
"49","000119F",30443,1083
"50","000120F",32647,1287
"51","000121F",90424,4107
"52","000125F",22900,1034
"53","000126F",31356,1367
"54","000127F",41790,1900
"55","000129F",62137,2563
"56","000131F",22950,930
"57","000132F",100717,4562
"58","000133F",71632,2968
"59","000134F",105952,4712
"60","000135F",30921,1325
"61","000136F",4038,108
"62","000140F",28072,1265
"63","000141F",109121,5355
"64","000142F",63850,3125
"65","000143F",109449,4868
"66","000148F",98483,2412
"67","000150F",44060,1988
"68","000152F",44751,1834
"69","000153F",57125,2265
"70","000154F",56412,1955
"71","000157F",63000,2801
"72","000158F",42856,1948
"73","000159F",20913,955
"74","000162F",59311,2813
"75","000163F",43243,1937
"76","000165F",70187,2604
"77","000166F",57621,2823
"78","000167F",28913,1296
"79","000169F",72491,2124
"80","000171F",79930,3513
"81","000172F",69124,3130
"82","000173F",65421,3029
"83","000174F",42883,1948
"84","000175F",44286,1264
"85","000176F",88926,3604
"86","000177F",87438,3584
"87","000181F",23699,801
"88","000183F",11415,549
"89","000187F",31418,831
"90","000188F",24033,961
"91","000189F",14315,531
"92","000190F",162872,5940
"93","000191F",3028,78
"94","000192F",55160,2719
"95","000193F",44704,2074
"96","000195F",262542,11034
"97","000197F",37783,1649
"98","000198F",37413,1654
"99","000199F",25285,715
"100","000200F",35170,1814
"101","000201F",103338,3704
"102","000203F",79650,3342
"103","000206F",57034,2342
"104","000212F",29983,939
"105","000213F",50235,2325
"106","000216F",25189,1284
"107","000217F",6963,162
"108","000218F",19110,911
"109","000219F",143289,6333
"110","000222F",62372,2510
"111","000223F",42930,1904
"112","000224F",30371,1337
"113","000225F",31882,1539
"114","000227F",15773,818
"115","000228F",48925,2365
"116","000230F",13753,491
"117","000233F",39199,1695
"118","000234F",31026,1766
"119","000235F",32887,2229
"120","000237F",44907,1640
"121","000238F",41938,2025
"122","000239F",23733,1072
"123","000241F",14389,423
"124","000242F",22659,483
"125","000244F",75112,3414
"126","000245F",45707,2168
"127","000246F",29706,1335
"128","000248F",30494,1149
"129","000249F",30935,1219
"130","000250F",32314,1594
"131","000251F",39306,1952
"132","000252F",88579,4373
"133","000254F",51935,2127
"134","000256F",21008,876
"135","000257F",31542,1403
"136","000258F",14127,603
"137","000259F",13074,539
"138","000261F",35478,1677
"139","000262F",38142,1206
"140","000263F",74613,3384
"141","000266F",40225,2060
"142","000267F",27227,1069
"143","000268F",12818,581
"144","000270F",65369,3306
"145","000271F",22305,647
"146","000272F",870,23
"147","000274F",18066,519
"148","000275F",31331,1588
"149","000277F",36340,1545
"150","000278F",17947,775
"151","000279F",18792,898
"152","000280F",36526,2207
"153","000283F",25346,895
"154","000284F",14571,515
"155","000285F",15237,633
"156","000286F",46218,1959
"157","000287F",35352,1826
"158","000292F",18435,739
"159","000293F",51941,1983
"160","000294F",25776,1007
"161","000295F",5139,224
"162","000297F",23872,780
"163","000298F",21406,800
"164","000299F",21837,1045
"165","000301F",15948,708
"166","000302F",29334,1279
"167","000304F",36903,1710
"168","000305F",29703,1114
"169","000306F",38590,1292
"170","000307F",56415,2629
"171","000308F",14150,547
"172","000309F",21588,1087
"173","000310F",17230,759
"174","000312F",131002,5113
"175","000313F",23177,1017
"176","000314F",19600,871
"177","000315F",14543,631
"178","000316F",20703,1132
"179","000317F",24810,1024
"180","000318F",31194,1261
"181","000319F",73867,2689
"182","000320F",16238,662
"183","000322F",22432,1246
"184","000323F",46346,2305
"185","000324F",40944,1333
"186","000326F",74028,3187
"187","000327F",19026,847
"188","000329F",19625,965
"189","000330F",77282,3446
"190","000331F",35897,1524
"191","000332F",18345,740
"192","000334F",12342,542
"193","000335F",62582,2899
"194","000336F",12727,516
"195","000337F",43971,1928
"196","000338F",36980,1976
"197","000339F",16188,720
"198","000341F",19567,628
"199","000345F",115271,5281
"200","000346F",28556,1292
"201","000347F",27544,832
"202","000348F",29973,1245
"203","000349F",9116,370
"204","000352F",14187,610
"205","000354F",12524,518
"206","000356F",21682,865
"207","000357F",10422,440
"208","000359F",17248,840
"209","000362F",17677,729
"210","000363F",33237,1476
"211","000364F",42813,1683
"212","000365F",32899,879
"213","000367F",16859,805
"214","000369F",39261,1726
"215","000370F",33808,1265
"216","000371F",49958,2212
"217","000372F",55511,2174
"218","000373F",26000,1132
"219","000375F",96254,4137
"220","000376F",15791,650
"221","000378F",11449,463
"222","000379F",79569,4037
"223","000380F",37409,1760
"224","000381F",34910,1967
"225","000382F",98525,3463
"226","000384F",28641,1022
"227","000385F",16346,823
"228","000387F",14754,608
"229","000388F",20613,450
"230","000389F",13251,511
"231","000390F",15076,666
"232","000391F",19413,824
"233","000392F",22381,1125
"234","000393F",26420,921
"235","000395F",65548,2753
"236","000396F",16756,743
"237","000397F",23008,800
"238","000398F",4704,173
"239","000399F",11487,411
"240","000400F",21980,1002
"241","000402F",16560,351
"242","000403F",9277,372
"243","000405F",2407,98
"244","000406F",11266,352
"245","000409F",13475,449
"246","000410F",12460,708
"247","000411F",63941,3069
"248","000414F",11729,508
"249","000415F",16475,702
"250","000417F",20357,911
"251","000418F",18133,693
"252","000419F",20307,523
"253","000420F",49997,2281
"254","000421F",44487,1541
"255","000423F",9132,422
"256","000424F",13376,704
"257","000425F",15660,608
"258","000426F",7116,291
"259","000428F",28440,1270
"260","000429F",27998,937
"261","000431F",8050,348
"262","000434F",19507,850
"263","000435F",8702,367
"264","000436F",14668,671
"265","000437F",22221,704
"266","000438F",13066,594
"267","000440F",5597,211
"268","000441F",53340,2456
"269","000442F",33788,1777
"270","000443F",19979,837
"271","000446F",35974,1380
"272","000453F",8039,330
"273","000455F",19753,652
"274","000456F",17319,839
"275","000457F",35760,1517
"276","000460F",11390,485
"277","000461F",48422,2209
"278","000462F",68995,2301
"279","000463F",2317,91
"280","000464F",75977,3428
"281","000466F",21510,846
"282","000467R",14735,319
"283","000468F",33360,1514
"284","000469F",10230,418
"285","000470F",45532,1898
"286","000471F",57180,1804
"287","000472F",73422,3024
"288","000473F",20852,1039
"289","000475F",20833,682
"290","000477F",8153,254
"291","000478F",24642,1334
"292","000479F",11279,429
"293","000480F",6202,192
"294","000481F",64870,2818
"295","000482F",19571,593
"296","000483F",5498,181
"297","000484F",9364,411
"298","000485F",7766,356
"299","000488F",412,17
"300","000492F",14097,482
"301","000493F",11612,543
"302","000494F",9267,315
"303","000495F",6648,148
"304","000497F",14469,573
"305","000499F",18815,890
"306","000502F",19741,913
"307","000504F",20177,903
"308","000507F",20988,804
"309","000508F",45794,1936
"310","000509F",39493,2004
"311","000510F",18927,747
"312","000512F",10545,354
"313","000513F",14470,602
"314","000514F",17526,875
"315","000516F",31653,1381
"316","000517F",20403,1036
"317","000521F",19997,956
"318","000522F",18877,721
"319","000525F",678,20
"320","000526F",15085,646
"321","000527F",11442,457
"322","000528F",10408,290
"323","000530F",8478,402
"324","000531F",25542,1221
"325","000532F",9330,456
"326","000533F",9751,426
"327","000535F",12543,453
"328","000537F",27645,1174
"329","000539F",30405,1080
"330","000540F",13143,560
"331","000542F",25298,1113
"332","000544F",44970,1119
"333","000546F",14269,567
"334","000547F",2120,64
"335","000548F",14836,825
"336","000551F",31380,1379
"337","000554F",13955,669
"338","000555F",6838,306
"339","000556F",54119,2373
"340","000557F",8058,405
"341","000560F",8391,316
"342","000563F",3193,76
"343","000564F",2896,106
"344","000565F",24310,1305
"345","000566F",9683,404
"346","000567F",15519,595
"347","000570F",4563,197
"348","000573F",6584,266
"349","000576F",15780,551
"350","000577F",28529,1532
"351","000578F",6853,306
"352","000579F",12143,488
"353","000580F",16123,651
"354","000584F",45871,2313
"355","000586F",38525,1613
"356","000587F",11478,454
"357","000589F",9096,317
"358","000590F",23276,1188
"359","000591F",15506,727
"360","000594F",15202,596
"361","000595F",38826,1612
"362","000596F",22194,815
"363","000598F",68038,2288
"364","000600F",16638,628
"365","000601F",14176,610
"366","000602F",9377,438
"367","000603F",28749,1186
"368","000604F",14024,536
"369","000606F",30400,1317
"370","000609F",13045,598
"371","000610F",11989,507
"372","000614F",5922,235
"373","000615F",8993,354
"374","000616F",20809,1098
"375","000621F",9332,429
"376","000623F",10075,402
"377","000624F",14569,479
"378","000627F",9121,396
"379","000628F",31294,1666
"380","000629F",9707,413
"381","000631F",13822,555
"382","000638F",10886,446
"383","000639F",23959,804
"384","000640F",22480,803
"385","000643F",7750,322
"386","000644F",494,13
"387","000645F",15798,601
"388","000647F",24192,932
"389","000648F",5851,274
"390","000649F",9508,423
"391","000650F",20725,771
"392","000654F",15673,717
"393","000655F",8172,346
"394","000656F",13779,468
"395","000658F",7989,369
"396","000659F",15069,632
"397","000661F",12692,471
"398","000662F",8138,353
"399","000663F",11411,452
"400","000666F",14866,533
"401","000667F",36075,1216
"402","000668F",9462,417
"403","000669F",20079,783
"404","000670F",22192,907
"405","000672F",20051,802
"406","000675F",15269,439
"407","000676F",12779,535
"408","000677F",23288,909
"409","000679F",15935,734
"410","000680F",8418,244
"411","000682F",15629,417
"412","000683F",9636,409
"413","000685F",7686,347
"414","000687F",6287,194
"415","000688F",12900,611
"416","000690F",6448,248
"417","000691F",39310,1543
"418","000692F",34277,1686
"419","000696F",7248,277
"420","000700F",12248,591
"421","000703F",13840,649
"422","000704F",17005,846
"423","000706F",34475,1284
"424","000708F",18546,638
"425","000709F",5991,171
"426","000716F",24844,1170
"427","000718F",15082,654
"428","000720F",42312,1836
"429","000721F",34561,1559
"430","000722F",6584,338
"431","000723F",5380,215
"432","000724F",1433,37
"433","000725F",4090,177
"434","000726F",9057,485
"435","000728F",6701,287
"436","000729F",10434,454
"437","000731F",17874,797
"438","000733F",15541,655
"439","000734F",9481,470
"440","000736F",14698,626
"441","000737F",24168,1015
"442","000739F",9396,635
"443","000740F",10115,465
"444","000743F",11620,533
"445","000746F",5765,288
"446","000749F",8193,339
"447","000750F",28174,1383
"448","000752F",9988,439
"449","000753F",2518,87
"450","000756F",11126,322
"451","000758F",6929,284
"452","000760F",10891,358
"453","000761F",10742,518
"454","000762F",188,4
"455","000763F",30758,1390
"456","000764F",7891,318
"457","000765F",15391,643
"458","000767F",14672,634
"459","000769F",10507,372
"460","000770F",15286,640
"461","000772F",13834,489
"462","000773F",8249,336
"463","000774F",3803,85
"464","000775F",20440,972
"465","000777F",5491,301
"466","000781F",26267,1033
"467","000782F",25099,1234
"468","000783F",59699,2222
"469","000785F",6176,286
"470","000787F",6958,308
"471","000790F",6184,313
"472","000795F",6136,295
"473","000799F",31815,1475
"474","000800F",8249,452
"475","000801F",20780,1085
"476","000802F",26472,934
"477","000803F",9011,443
"478","000804F",6994,373
"479","000805F",20419,1059
"480","000806F",3673,177
"481","000809F",15102,599
"482","000816F",12491,600
"483","000818F",6724,313
"484","000820F",113,2
"485","000821F",4554,195
"486","000822F",12574,582
"487","000823F",5127,237
"488","000829F",11731,465
"489","000830F",8143,405
"490","000831F",17962,725
"491","000835F",5446,276
"492","000836F",38870,1751
"493","000837F",6840,194
"494","000838F",44435,2025
"495","000839F",14081,867
"496","000840F",31538,1499
"497","000841F",4999,279
"498","000845F",3928,164
"499","000846F",7337,308
"500","000850F",9931,402
"501","000852F",7601,363
"502","000853F",6508,280
"503","000855F",7821,363
"504","000857F",3697,144
"505","000862F",2327,65
"506","000865F",15638,758
"507","000867F",6520,280
"508","000868F",12229,606
"509","000871F",7124,172
"510","000874F",8171,320
"511","000879F",8193,330
"512","000881F",11874,376
"513","000882F",7640,435
"514","000883F",7308,252
"515","000885F",16552,868
"516","000886F",3650,162
"517","000887F",9895,462
"518","000888F",17473,454
"519","000890F",13434,489
"520","000891F",6115,236
"521","000893F",12126,584
"522","000895F",17177,830
"523","000898F",2637,148
"524","000900F",14144,602
"525","000904F",51750,2018
"526","000907F",6687,324
"527","000908F",6975,291
"528","000912F",5254,245
"529","000913F",9117,406
"530","000917F",8797,425
"531","000918F",18598,782
"532","000921F",5602,211
"533","000925F",9264,839
"534","000927F",4801,259
"535","000930F",12707,635
"536","000933F",15789,779
"537","000935F",5119,222
"538","000936F",8726,343
"539","000937F",9066,361
"540","000938F",12224,491
"541","000939F",12853,559
"542","000942F",7012,302
"543","000943F",6601,331
"544","000951F",3154,143
"545","000952F",3425,148
"546","000955F",2735,118
"547","000957F",6348,241
"548","000959F",2990,129
"549","000963F",13435,644
"550","000965F",3094,140
"551","000966F",8523,209
"552","000967F",10894,452
"553","000969F",5267,287
"554","000970F",6906,299
"555","000973F",6362,280
"556","000975F",7508,327
"557","000977F",6275,361
"558","000978F",12690,580
"559","000979F",10686,359
"560","000980F",6739,276
"561","000981F",14505,465
"562","000982F",28234,1090
"563","000983F",2993,130
"564","000984F",4658,178
"565","000985F",5443,212
"566","000988F",22132,761
"567","000990F",3468,204
"568","000991F",3638,181
"569","000992F",4090,180
"570","000993F",5092,180
"571","000995F",6814,271
"572","000997F",2333,80
"573","000999F",4090,129
"574","001000F",8088,312
"575","001004F",12167,529
"576","001005F",34197,1957
"577","001011F",5974,296
"578","001012F",3414,110
"579","001014F",3363,158
"580","001016F",4146,218
"581","001018F",3764,168
"582","001019F",6578,323
"583","001021F",6714,345
"584","001027F",11954,435
"585","001031F",2100,75
"586","001032F",8022,345
"587","001034F",29632,1557
"588","001036F",10037,388
"589","001037F",9825,379
"590","001038F",3049,129
"591","001039F",13975,752
"592","001044F",5476,305
"593","001045F",1728,74
"594","001046F",7354,380
"595","001047F",3341,116
"596","001048F",8353,279
"597","001049F",12200,461
"598","001051F",41,3
"599","001053F",3720,160
"600","001054F",6698,329
"601","001055F",9655,498
"602","001057F",9212,353
"603","001060F",6813,379
"604","001062F",6413,259
"605","001064F",12136,502
"606","001065F",10598,494
"607","001066F",10567,530
"608","001069F",9527,387
"609","001071F",235,7
"610","001072F",5405,145
"611","001073F",5696,225
"612","001076F",5998,183
"613","001077F",3968,191
"614","001079F",1008,19
"615","001080F",4419,170
"616","001082F",6385,240
"617","001083F",5512,258
"618","001084F",10585,453
"619","001086F",4618,239
"620","001087F",4910,202
"621","001088F",6096,251
"622","001091F",925,22
"623","001092F",2182,77
"624","001093F",5711,310
"625","001096F",3697,148
"626","001099F",7390,280
"627","001100F",5996,224
"628","001105F",11987,517
"629","001106F",8033,360
"630","001108F",3094,147
"631","001109F",2433,110
"632","001111F",9610,422
"633","001114F",1356,60
"634","001122F",4017,154
"635","001123F",5020,190
"636","001124F",6645,269
"637","001126F",2715,132
"638","001129F",14133,590
"639","001134F",434,14
"640","001135F",10605,504
"641","001136F",3144,75
"642","001137F",4382,196
"643","001138F",6801,269
"644","001139F",5911,230
"645","001140F",32008,1487
"646","001142F",7567,703
"647","001147F",8788,509
"648","001149F",5519,175
"649","001150F",1994,80
"650","001155F",5701,236
"651","001156F",9600,402
"652","001157F",5981,285
"653","001158F",11032,578
"654","001159F",29117,1314
"655","001161F",2929,121
"656","001163F",21356,1090
"657","001164F",4119,166
"658","001166F",9016,407
"659","001167F",2759,95
"660","001172F",6339,229
"661","001174F",4271,191
"662","001175F",2729,107
"663","001178F",5833,248
"664","001179F",12492,656
"665","001180F",3103,136
"666","001185F",3660,175
"667","001186F",534,12
"668","001187F",4113,152
"669","001192F",7690,278
"670","001193F",2340,100
"671","001195F",20293,776
"672","001196F",11687,538
"673","001197F",14382,508
"674","001199F",4543,233
"675","001202F",5114,239
"676","001203F",2497,124
"677","001204F",8994,431
"678","001208F",5030,217
"679","001209F",8978,349
"680","001210F",3617,129
"681","001213F",15660,924
"682","001215F",6945,308
"683","001216F",10847,1010
"684","001217F",5937,266
"685","001219F",2636,136
"686","001220F",4870,235
"687","001223F",10609,499
"688","001224F",9711,519
"689","001226F",275,14
"690","001232F",3606,145
"691","001241F",6223,249
"692","001242F",6534,205
"693","001243F",2948,128
"694","001244F",10652,672
"695","001245F",5827,253
"696","001247F",3517,155
"697","001248F",8178,332
"698","001252F",7466,297
"699","001254F",5926,209
"700","001255F",4263,152
"701","001256F",5939,406
"702","001257F",2962,145
"703","001261F",7842,252
"704","001263F",4001,139
"705","001264F",8604,426
"706","001265F",2151,111
"707","001267F",1780,88
"708","001268F",7059,352
"709","001271F",6149,319
"710","001273F",4272,178
"711","001277F",5751,265
"712","001278F",3824,197
"713","001283F",3684,162
"714","001284F",4287,180
"715","001285F",3533,160
"716","001286F",7086,241
"717","001287F",9168,374
"718","001288F",12142,351
"719","001291F",5820,239
"720","001293F",5933,178
"721","001295F",2262,79
"722","001296F",2635,141
"723","001302F",17510,699
"724","001304F",5803,290
"725","001306F",7129,326
"726","001308F",4521,241
"727","001309F",6964,180
"728","001311F",4205,177
"729","001312F",12933,508
"730","001313F",2325,106
"731","001317F",3536,205
"732","001318F",4059,132
"733","001320F",9122,388
"734","001323F",4956,250
"735","001326F",3359,143
"736","001327F",12237,582
"737","001328F",7041,270
"738","001332F",10669,377
"739","001334F",14796,653
"740","001336F",8636,372
"741","001337F",3754,175
"742","001338F",30520,1955
"743","001341F",3393,163
"744","001342F",8311,423
"745","001343F",22553,877
"746","001345F",6199,225
"747","001352F",3302,131
"748","001353F",32570,952
"749","001354F",2006,114
"750","001356F",4181,189
"751","001358F",1146,41
"752","001359F",3872,210
"753","001362F",6074,275
"754","001364F",3502,112
"755","001369F",7096,297
"756","001370F",5284,272
"757","001371F",10475,232
"758","001372F",2411,108
"759","001373F",5483,220
"760","001374F",2099,81
"761","001375F",2161,93
"762","001377F",5558,363
"763","001378F",8311,327
"764","001380F",5349,251
"765","001381F",2971,131
"766","001382F",7168,250
"767","001383F",12648,564
"768","001384F",4623,142
"769","001385F",2579,111
"770","001386F",6374,255
"771","001388F",8827,400
"772","001390F",4953,212
"773","001394F",4920,197
"774","001395F",2399,117
"775","001396F",4065,165
"776","001397F",7640,235
"777","001398F",5942,305
"778","001399F",2649,110
"779","001400F",4632,195
"780","001401F",712,41
"781","001403F",2076,79
"782","001406F",5914,360
"783","001407F",6600,230
"784","001409F",3861,184
"785","001410F",6662,150
"786","001411F",4446,170
"787","001412F",4372,200
"788","001416F",3045,144
"789","001417F",13278,514
"790","001418F",1918,82
"791","001420F",4793,223
"792","001421F",1298,69
"793","001423F",3889,177
"794","001425F",5876,247
"795","001426F",3119,98
"796","001427F",19350,1190
"797","001429F",5051,214
"798","001430F",4030,190
"799","001431F",1114,37
"800","001433F",3891,153
"801","001434F",3763,219
"802","001436F",3830,198
"803","001438F",4310,195
"804","001440F",4298,115
"805","001442F",2872,151
"806","001443F",12246,570
"807","001445F",8905,407
"808","001446F",5160,218
"809","001448F",7673,295
"810","001451F",2787,127
"811","001455F",17815,780
"812","001457F",5171,201
"813","001458F",2573,103
"814","001460F",6841,343
"815","001461F",2351,127
"816","001462F",6756,189
"817","001463F",10139,490
"818","001465F",2819,131
"819","001467F",8289,392
"820","001469F",10493,480
"821","001470F",3543,160
"822","001473F",4260,119
"823","001478F",10075,491
"824","001481F",4348,113
"825","001482F",4310,195
"826","001485F",3297,146
"827","001490F",2520,103
"828","001493F",6923,313
"829","001494F",2310,112
"830","001497F",3892,148
"831","001499F",6128,257
"832","001500F",3708,178
"833","001502F",5076,174
"834","001503F",2135,59
"835","001507F",6262,185
"836","001508F",2780,113
"837","001510F",2756,133
"838","001511F",12439,529
"839","001512F",8106,339
"840","001513F",7088,363
"841","001514F",5404,264
"842","001515F",3988,126
"843","001517F",6419,291
"844","001518F",10988,512
"845","001522F",6754,297
"846","001523F",630,16
"847","001524F",3998,184
"848","001525F",12799,510
"849","001527F",1652,70
"850","001529F",4684,219
"851","001530F",2728,137
"852","001532F",5686,209
"853","001533F",5010,167
"854","001534F",3870,184
"855","001537F",3681,149
"856","001538F",2651,53
"857","001539F",2876,132
"858","001541F",33715,1909
"859","001542F",2442,92
"860","001543F",2834,134
"861","001545F",3705,155
"862","001546F",4966,178
"863","001547F",5319,283
"864","001552F",2571,121
"865","001553F",4552,210
"866","001554F",6536,287
"867","001555F",3120,144
"868","001558F",2281,99
"869","001560F",2937,155
"870","001562F",2823,122
"871","001563F",3967,170
"872","001564F",2550,89
"873","001567F",6038,216
"874","001568F",2867,136
"875","001570F",14036,714
"876","001571F",4780,173
"877","001574F",1257,58
"878","001575F",5000,189
"879","001581F",8622,413
"880","001586F",3573,91
"881","001587F",3266,76
"882","001592F",1767,76
"883","001595F",2289,108
"884","001596F",2797,123
"885","001598F",6618,325
"886","001601F",9608,418
"887","001603F",1160,33
"888","001604F",2586,122
"889","001606F",8370,407
"890","001608F",3244,159
"891","001609F",6231,225
"892","001610F",6726,276
"893","001613F",3731,147
"894","001619F",2709,127
"895","001620F",1831,84
"896","001621F",19423,491
"897","001622F",1743,88
"898","001623F",3337,145
"899","001624F",4200,183
"900","001625F",3732,135
"901","001627F",4222,138
"902","001629F",3333,119
"903","001630F",3504,167
"904","001631F",2950,177
"905","001633F",2791,120
"906","001634F",2748,66
"907","001635F",10476,315
"908","001641F",1635,90
"909","001645F",3424,109
"910","001649F",41673,2003
"911","001652F",3404,173
"912","001654F",13475,707
"913","001657F",4101,177
"914","001658F",3188,152
"915","001661F",2857,147
"916","001665F",3922,96
"917","001670F",7578,365
"918","001671F",3091,143
"919","001672F",4115,177
"920","001674F",3164,106
"921","001676F",7897,423
"922","001679F",441,17
"923","001682F",9182,325
"924","001688F",2358,106
"925","001689F",2929,109
"926","001690F",1479,81
"927","001695F",531,16
"928","001701F",12584,421
"929","001703F",5855,242
"930","001705F",7761,292
"931","001706F",5837,277
"932","001708F",2752,113
"933","001710F",753,36
"934","001712F",5558,245
"935","001713F",2574,177
"936","001716F",1505,48
"937","001718F",3368,86
"938","001721F",12441,178
"939","001728F",2862,123
"940","001737F",5982,261
"941","001738F",3072,120
"942","001740F",4729,246
"943","001741F",5087,207
"944","001745F",2230,97
"945","001749F",1725,80
"946","001750F",2038,90
"947","001752F",2450,133
"948","001753F",3569,163
"949","001754F",3732,187
"950","001755F",4267,212
"951","001758F",6464,304
"952","001760F",2694,119
"953","001761F",3222,141
"954","001764F",1481,53
"955","001765F",13663,627
"956","001766F",4311,184
"957","001768F",1192,57
"958","001769F",5076,128
"959","001770F",8729,416
"960","001772F",29327,958
"961","001774F",3905,92
"962","001775F",3149,161
"963","001776F",7815,347
"964","001777F",6481,277
"965","001778F",2122,93
"966","001781F",4026,166
"967","001782F",2200,94
"968","001783F",7466,348
"969","001785F",28891,1243
"970","001786F",5102,210
"971","001787F",6265,300
"972","001789F",1214,64
"973","001790F",2769,159
"974","001794F",132,4
"975","001796F",141,5
"976","001798F",1650,71
"977","001799F",3253,150
"978","001800F",726,35
"979","001804F",1575,76
"980","001805F",1817,82
"981","001806F",27,2
"982","001807F",3427,104
"983","001810F",6604,355
"984","001811F",3394,182
"985","001818F",997,54
"986","001822F",893,23
"987","001825F",2602,137
"988","001826F",3792,148
"989","001828F",1942,83
"990","001832F",3029,175
"991","001837F",4997,215
"992","001839F",6355,244
"993","001840F",2358,112
"994","001841F",2252,98
"995","001843F",3653,90
"996","001853F",6247,222
"997","001854F",2212,92
"998","001857F",2458,106
"999","001858F",17790,648
"1000","001859F",4061,192
"1001","001862F",988,29
"1002","001863F",2216,92
"1003","001865F",3882,205
"1004","001869F",4350,171
"1005","001876F",2284,110
"1006","001879F",11931,469
"1007","001880F",2359,114
"1008","001881F",2085,108
"1009","001883F",2252,84
"1010","001884F",4890,155
"1011","001888F",5542,307
"1012","001889F",3695,171
"1013","001890F",1037,56
"1014","001892F",1351,73
"1015","001894F",6310,269
"1016","001895F",9046,345
"1017","001896F",1990,80
"1018","001897F",2240,90
"1019","001901F",2105,99
"1020","001903F",1657,102
"1021","001905F",7303,187
"1022","001906F",3172,104
"1023","001907F",4646,202
"1024","001909F",1668,79
"1025","001912F",2553,112
"1026","001913F",3018,170
"1027","001916F",2778,125
"1028","001924F",16352,592
"1029","001926F",4770,217
"1030","001928F",1776,70
"1031","001930F",2367,98
"1032","001931F",2069,109
"1033","001932F",2575,103
"1034","001936F",5931,222
"1035","001937F",2714,78
"1036","001938F",2588,83
"1037","001940F",2760,76
"1038","001941F",19059,714
"1039","001943F",925,48
"1040","001944F",14261,739
"1041","001946F",3511,129
"1042","001956F",3146,181
"1043","001957F",3103,117
"1044","001959F",1417,36
"1045","001960F",1998,75
"1046","001961F",2553,124
"1047","001962F",4449,203
"1048","001963F",5283,237
"1049","001964F",1433,67
"1050","001966F",3866,143
"1051","001970F",4697,244
"1052","001971F",4400,184
"1053","001972F",3499,212
"1054","001974F",2915,112
"1055","001975F",1819,62
"1056","001982F",3639,161
"1057","001983F",438,10
"1058","001985F",58,3
"1059","001986F",500,23
"1060","001988F",8375,384
"1061","001990F",2517,117
"1062","001992F",4549,171
"1063","001998F",996,24
"1064","001999F",16231,683
"1065","002002F",1946,74
"1066","002003F",2175,113
"1067","002006F",4161,152
"1068","002007F",1793,95
"1069","002008F",3031,142
"1070","002009F",2153,84
"1071","002012F",2285,106
"1072","002019F",2825,155
"1073","002021F",8967,425
"1074","002023F",20763,926
"1075","002024F",1336,68
"1076","002025F",1761,95
"1077","002026F",2577,102
"1078","002027F",546,31
"1079","002035F",3881,178
"1080","002036F",3106,164
"1081","002037F",2557,171
"1082","002038F",2336,127
"1083","002040F",2946,85
"1084","002042F",5252,157
"1085","002045F",2077,107
"1086","002048F",134,3
"1087","002049F",10519,749
"1088","002051F",2956,104
"1089","002052F",2302,108
"1090","002055F",3303,139
"1091","002056F",2966,121
"1092","002058F",4167,119
"1093","002062F",4214,418
"1094","002065F",2262,88
"1095","002066F",2513,96
"1096","002068F",4463,222
"1097","002071F",2296,112
"1098","002074F",5155,257
"1099","002079F",2576,83
"1100","002080F",228,7
"1101","002081F",9350,334
"1102","002088F",5324,399
"1103","002090F",4425,162
"1104","002091F",6262,253
"1105","002092F",11431,622
"1106","002093F",1710,84
"1107","002095F",1644,82
"1108","002098F",4223,199
"1109","002100F",2900,88
"1110","002103F",1032,45
"1111","002104F",610,41
"1112","002105F",2983,136
"1113","002108F",6039,272
"1114","002111F",3337,112
"1115","002112F",2219,89
"1116","002113F",2797,108
"1117","002114F",3282,146
"1118","002115F",2248,56
"1119","002119F",2467,135
"1120","002120F",1254,62
"1121","002122F",1237,65
"1122","002124F",2986,137
"1123","002129F",8610,346
"1124","002133F",3474,128
"1125","002135F",6860,320
"1126","002139F",4536,163
"1127","002142F",1696,81
"1128","002144F",1357,43
"1129","002145F",4448,166
"1130","002147F",7649,402
"1131","002151F",3299,83
"1132","002153F",3474,121
"1133","002154F",4011,227
"1134","002156F",2769,103
"1135","002157F",1752,73
"1136","002158F",506,45
"1137","002159F",2202,110
"1138","002160F",2822,130
"1139","002162F",4238,192
"1140","002168F",2557,88
"1141","002169F",1793,104
"1142","002175F",4288,282
"1143","002177F",18283,913
"1144","002178F",823,38
"1145","002179F",4329,166
"1146","002182F",2199,102
"1147","002183F",2269,88
"1148","002185F",3064,84
"1149","002187F",4464,255
"1150","002188F",3314,139
"1151","002192F",15,1
"1152","002194F",2255,100
"1153","002197F",4044,209
"1154","002200F",4326,220
"1155","002202F",1886,96
"1156","002203F",2240,131
"1157","002205F",1415,50
"1158","002206F",2719,86
"1159","002207F",1177,60
"1160","002210F",1846,82
"1161","002216F",2180,113
"1162","002217F",4626,217
"1163","002221F",1456,66
"1164","002223F",1975,79
"1165","002225F",2276,129
"1166","002226F",2775,115
"1167","002227F",2719,128
"1168","002228F",3069,165
"1169","002230F",4787,211
"1170","002232F",3160,111
"1171","002233F",3420,152
"1172","002234F",2485,129
"1173","002235F",4158,162
"1174","002236F",2707,112
"1175","002238F",3460,168
"1176","002239F",2422,108
"1177","002241F",2130,90
"1178","002242F",3273,164
"1179","002244F",1818,103
"1180","002245F",2427,121
"1181","002248F",2733,105
"1182","002251F",2208,96
"1183","002252F",2712,91
"1184","002255F",761,37
"1185","002256F",5066,196
"1186","002257F",1312,66
"1187","002258F",1471,70
"1188","002260F",1324,59
"1189","002263F",2377,109
"1190","002264F",2056,72
"1191","002265F",4435,206
"1192","002267F",3654,159
"1193","002268F",3029,119
"1194","002269F",1822,49
"1195","002273F",677,30
"1196","002276F",1863,84
"1197","002279F",1938,74
"1198","002280F",780,40
"1199","002281F",1100,46
"1200","002283F",1386,76
"1201","002285F",2437,116
"1202","002286F",1746,77
"1203","002287F",2010,85
"1204","002291F",1722,75
"1205","002292F",13727,624
"1206","002295F",2929,92
"1207","002296F",1265,48
"1208","002298F",577,20
"1209","002299F",696,33
"1210","002300F",3256,135
"1211","002302F",2272,121
"1212","002303F",556,10
"1213","002304F",2858,123
"1214","002305F",1159,55
"1215","002307F",1908,84
"1216","002310F",3376,168
"1217","002316F",2011,88
"1218","002318F",1024,28
"1219","002319F",2751,150
"1220","002320F",192,6
"1221","002323F",2172,107
"1222","002326F",3272,76
"1223","002327F",849,39
"1224","002329F",2434,131
"1225","002331F",427,10
"1226","002332F",3251,143
"1227","002337F",2052,79
"1228","002338F",2587,103
"1229","002339F",1639,72
"1230","002340F",2997,161
"1231","002342F",1582,90
"1232","002346F",1938,86
"1233","002349F",2402,91
"1234","002350F",3335,106
"1235","002351F",2733,111
"1236","002352F",9695,557
"1237","002355F",2068,100
"1238","002360F",3389,161
"1239","002361F",1149,45
"1240","002364F",1190,59
"1241","002365F",1618,78
"1242","002368F",13660,337
"1243","002372F",1926,85
"1244","002373F",35,1
"1245","002374F",1909,63
"1246","002376F",1437,62
"1247","002377F",1931,86
"1248","002381F",2022,85
"1249","002385F",1334,59
"1250","002387F",2302,130
"1251","002388F",2765,87
"1252","002389F",3719,173
"1253","002391F",1857,84
"1254","002394F",2821,136
"1255","002395F",2535,130
"1256","002401F",1848,85
"1257","002404F",1428,46
"1258","002406F",457,16
"1259","002409F",1664,67
"1260","002410F",5862,252
"1261","002411F",92,3
"1262","002412F",3441,106
"1263","002413F",778,43
"1264","002414F",1159,60
"1265","002419F",1784,85
"1266","002420F",166,6
"1267","002421F",1600,63
"1268","002422F",1995,61
"1269","002433F",6446,306
"1270","002434F",1370,67
"1271","002439F",448,20
"1272","002441F",1416,49
"1273","002442F",13321,454
"1274","002443F",1379,63
"1275","002444F",2321,118
"1276","002445F",2189,98
"1277","002446F",7682,288
"1278","002447F",4076,184
"1279","002449F",1147,60
"1280","002451F",1337,58
"1281","002452F",3268,142
"1282","002453F",655,29
"1283","002454F",2468,115
"1284","002457F",1618,66
"1285","002459F",1817,52
"1286","002462F",4864,183
"1287","002463F",4420,201
"1288","002464F",1663,73
"1289","002466F",1610,63
"1290","002467F",2644,98
"1291","002470F",988,59
"1292","002471F",1961,69
"1293","002472F",2303,116
"1294","002474F",4909,286
"1295","002475F",2331,171
"1296","002476F",2237,152
"1297","002477F",3122,132
"1298","002478F",860,33
"1299","002479F",1538,50
"1300","002481F",2204,93
"1301","002482F",1427,61
"1302","002486F",1064,49
"1303","002487F",507,18
"1304","002488F",1860,85
"1305","002489F",2080,102
"1306","002490F",1817,87
"1307","002492F",1195,55
"1308","002493F",4986,78
"1309","002494F",1248,54
"1310","002500F",2427,87
"1311","002503F",1351,66
"1312","002504F",2153,106
"1313","002510F",1119,73
"1314","002512F",6417,245
"1315","002513F",5734,235
"1316","002514F",2109,94
"1317","002518F",2822,121
"1318","002521F",1092,49
"1319","002524F",2978,68
"1320","002526F",1208,53
"1321","002532F",2850,113
"1322","002533F",6851,306
"1323","002535F",3825,160
"1324","002536F",1236,52
"1325","002542F",1153,61
"1326","002545F",1844,85
"1327","002549F",2067,87
"1328","002550F",962,51
"1329","002552F",1357,54
"1330","002553F",1896,92
"1331","002557F",5734,351
"1332","002558F",3491,173
"1333","002559F",843,45
"1334","002561F",542,27
"1335","002568F",233,7
"1336","002569F",1315,61
"1337","002571F",296,6
"1338","002572F",1580,82
"1339","002575F",1253,51
"1340","002578F",787,27
"1341","002580F",1961,102
"1342","002582F",3999,168
"1343","002588F",10624,505
"1344","002589F",765,25
"1345","002594F",1392,53
"1346","002597F",1455,64
"1347","002606F",501,23
"1348","002611F",3818,190
"1349","002615F",3817,88
"1350","002616F",4273,186
"1351","002621F",3891,111
"1352","002625F",1327,63
"1353","002627F",3804,168
"1354","002629F",2120,98
"1355","002630F",981,68
"1356","002631F",1833,94
"1357","002635F",1250,53
"1358","002637F",1693,57
"1359","002639F",2931,125
"1360","002640F",1121,51
"1361","002641F",4737,509
"1362","002645F",1298,60
"1363","002646F",3701,105
"1364","002647F",3866,203
"1365","002650F",3141,163
"1366","002651F",457,12
"1367","002652F",3664,120
"1368","002655F",5921,262
"1369","002656F",2934,72
"1370","002658F",2214,91
"1371","002662F",186,5
"1372","002670F",457,24
"1373","002671F",325,20
"1374","002675F",1884,78
"1375","002688F",1100,53
"1376","002689F",1837,80
"1377","002696F",1216,58
"1378","002706F",2940,134
"1379","002709F",1245,63
"1380","002713F",21,1
"1381","002715F",2584,99
"1382","002718F",286,14
"1383","002719F",720,34
"1384","002720F",515,21
"1385","002723F",1207,56
"1386","002724F",1437,79
"1387","002725F",1337,51
"1388","002728F",7610,140
"1389","002729F",1337,66
"1390","002730F",822,33
"1391","002731F",2046,109
"1392","002733F",3270,128
"1393","002735F",26,1
"1394","002736F",401,17
"1395","002737F",6360,270
"1396","002738F",590,32
"1397","002739F",14,1
"1398","002740F",1707,88
"1399","002748F",910,15
"1400","002749F",2302,88
"1401","002751F",3169,163
"1402","002754F",1925,92
"1403","002755F",1500,66
"1404","002756F",882,40
"1405","002757F",809,54
"1406","002758F",1059,57
"1407","002764F",1894,84
"1408","002765F",2099,85
"1409","002766F",3918,156
"1410","002769F",4415,203
"1411","002770F",1331,62
"1412","002771F",4384,182
"1413","002775F",1510,31
"1414","002777F",11510,519
"1415","002778F",2196,49
"1416","002779F",739,38
"1417","002780F",4342,180
"1418","002781F",2696,111
"1419","002782F",1318,32
"1420","002783F",1121,44
"1421","002786F",1237,56
"1422","002797F",1805,75
"1423","002798F",1144,53
"1424","002800F",876,49
"1425","002806F",636,37
"1426","002809F",1342,79
"1427","002817F",800,32
"1428","002822F",711,35
"1429","002823F",2071,107
"1430","002824F",1233,55
"1431","002827F",1535,45
"1432","002829F",968,45
"1433","002831F",1387,37
"1434","002832F",1559,77
"1435","002833F",818,43
"1436","002834F",2691,186
"1437","002835F",1354,73
"1438","002837F",774,34
"1439","002845F",3566,197
"1440","002850F",2649,110
"1441","002852F",878,40
"1442","002855F",1635,48
"1443","002857F",14956,558
"1444","002859F",8702,288
"1445","002860F",1734,85
"1446","002861F",861,46
"1447","002864F",1576,72
"1448","002871F",2022,103
"1449","002872F",3215,167
"1450","002873F",6978,255
"1451","002874F",1934,93
"1452","002876F",3239,125
"1453","002877F",1659,70
"1454","002878F",3770,210
"1455","002879F",453,25
"1456","002880F",783,46
"1457","002882F",399,13
"1458","002885F",1581,74
"1459","002889F",2514,90
"1460","002891F",847,20
"1461","002896F",906,34
"1462","002898F",1333,49
"1463","002899F",4575,180
"1464","002900F",1442,79
"1465","002903F",3554,145
"1466","002905F",709,29
"1467","002909F",2172,93
"1468","002910F",771,36
"1469","002912F",1679,79
"1470","002914F",1983,108
"1471","002915F",627,39
"1472","002918F",996,37
"1473","002921F",2331,118
"1474","002926F",1203,71
"1475","002929F",898,33
"1476","002931F",17758,871
"1477","002932F",3757,161
"1478","002935F",440,10
"1479","002936F",622,22
"1480","002937F",1064,53
"1481","002942F",2092,106
"1482","002947F",1556,78
"1483","002949F",2635,127
"1484","002951F",11705,556
"1485","002957F",1256,59
"1486","002960F",1215,44
"1487","002961F",1337,57
"1488","002962F",424,22
"1489","002963F",6440,270
"1490","002966F",324,16
"1491","002971F",1522,59
"1492","002973F",11679,790
"1493","002980F",996,42
"1494","002982F",1210,60
"1495","002983F",832,35
"1496","002990F",2820,104
"1497","002993F",1120,50
"1498","002995F",4440,100
"1499","002996F",1056,43
"1500","002997F",36,4
"1501","002999F",1040,47
"1502","003001F",945,31
"1503","003004F",6251,260
"1504","003008F",1129,53
"1505","003013F",1569,84
"1506","003014F",1412,39
"1507","003016F",1550,81
"1508","003018F",1557,73
"1509","003020F",1244,72
"1510","003021F",696,35
"1511","003022F",873,52
"1512","003023F",5426,201
"1513","003025F",1118,53
"1514","003026F",1217,46
"1515","003028F",908,44
"1516","003029F",4559,177
"1517","003031F",1273,69
"1518","003032F",12576,627
"1519","003033F",152,8
"1520","003034F",2019,86
"1521","003037F",2935,131
"1522","003038F",1034,53
"1523","003039F",1198,59
"1524","003040F",2026,84
"1525","003041F",1010,39
"1526","003043F",340,4
"1527","003044F",1385,74
"1528","003045F",2230,106
"1529","003046F",2367,105
"1530","003047F",4399,98
"1531","003053F",2716,111
"1532","003055F",1143,58
"1533","003057F",1507,82
"1534","003058F",2387,100
"1535","003063F",1543,89
"1536","003064F",1247,49
"1537","003065F",3104,116
"1538","003066F",2903,153
"1539","003067F",2794,71
"1540","003070F",462,23
"1541","003071F",3134,151
"1542","003073F",1317,54
"1543","003080F",1404,74
"1544","003086F",1559,58
"1545","003087F",1702,61
"1546","003089F",1962,92
"1547","003090F",2348,93
"1548","003093F",3337,131
"1549","003095F",1684,82
"1550","003097F",1105,47
"1551","003098F",905,36
"1552","003101F",2503,96
"1553","003103F",3237,138
"1554","003104F",170,6
"1555","003106F",1867,99
"1556","003111F",2788,135
"1557","003112F",261,15
"1558","003117F",1735,73
"1559","003118F",2495,110
"1560","003121F",1738,52
"1561","003124F",112,5
"1562","003125F",1865,70
"1563","003129F",1085,32
"1564","003131F",774,40
"1565","003134F",668,32
"1566","003136F",2917,179
"1567","003137F",1518,66
"1568","003138F",3385,142
"1569","003141F",2553,135
"1570","003142F",110,3
"1571","003143F",1592,70
"1572","003144F",2414,104
"1573","003147F",950,31
"1574","003148F",4090,171
"1575","003149F",836,25
"1576","003152F",3317,127
"1577","003153F",2319,124
"1578","003156F",590,36
"1579","003162F",6136,264
"1580","003163F",626,36
"1581","003164F",614,32
"1582","003169F",2381,133
"1583","003172F",54,1
"1584","003176F",2055,97
"1585","003177F",1513,65
"1586","003182F",1446,91
"1587","003183F",1912,56
"1588","003189F",945,45
"1589","003191F",1361,47
"1590","003195F",383,8
"1591","003197F",336,16
"1592","003201F",634,38
"1593","003202F",847,37
"1594","003207F",635,31
"1595","003208F",2108,67
"1596","003210F",3731,198
"1597","003213F",661,25
"1598","003214F",2040,79
"1599","003215F",884,44
"1600","003216F",2232,96
"1601","003217F",1529,52
"1602","003218F",394,20
"1603","003219F",1584,56
"1604","003221F",1951,84
"1605","003223F",1945,75
"1606","003226F",694,25
"1607","003227F",1458,62
"1608","003228F",749,36
"1609","003229F",1594,83
"1610","003231F",626,28
"1611","003233F",483,23
"1612","003236F",738,29
"1613","003241F",722,41
"1614","003242F",3824,193
"1615","003247F",1075,53
"1616","003248F",738,33
"1617","003252F",1641,67
"1618","003253F",1551,67
"1619","003257F",3340,177
"1620","003258F",1469,83
"1621","003259F",1546,65
"1622","003265F",154,4
"1623","003266F",600,34
"1624","003269F",1776,98
"1625","003271F",4961,237
"1626","003272F",1397,56
"1627","003273F",1760,89
"1628","003275F",855,41
"1629","003276F",1610,71
"1630","003278F",1486,60
"1631","003281F",1168,59
"1632","003282F",405,27
"1633","003283F",600,31
"1634","003286F",1854,101
"1635","003288F",2148,101
"1636","003290F",348,16
"1637","003293F",1246,52
"1638","003294F",10306,497
"1639","003297F",2541,136
"1640","003300F",1504,60
"1641","003303F",358,28
"1642","003305F",1431,90
"1643","003306F",3316,138
"1644","003307F",422,25
"1645","003308F",738,20
"1646","003309F",2619,94
"1647","003313F",1222,66
"1648","003314F",2635,108
"1649","003315F",568,21
"1650","003316F",213,18
"1651","003317F",895,53
"1652","003322F",1631,72
"1653","003324F",977,55
"1654","003330F",1733,86
"1655","003331F",479,16
"1656","003333F",91,4
"1657","003336F",3271,176
"1658","003338F",1883,88
"1659","003344F",1557,77
"1660","003345F",614,27
"1661","003346F",566,40
"1662","003352F",1196,53
"1663","003356F",1397,50
"1664","003357F",71,5
"1665","003359F",1185,58
"1666","003362F",2125,53
"1667","003367F",2335,92
"1668","003376F",923,29
"1669","003378F",2660,97
"1670","003380F",1109,43
"1671","003382F",2892,58
"1672","003384F",552,26
"1673","003385F",2247,85
"1674","003386F",2663,86
"1675","003388F",2090,71
"1676","003389F",665,36
"1677","003391F",2826,148
"1678","003392F",2019,86
"1679","003394F",1824,95
"1680","003396F",869,50
"1681","003397F",3111,124
"1682","003399F",591,13
"1683","003402F",7899,317
"1684","003406F",999,50
"1685","003407F",522,33
"1686","003410F",908,31
"1687","003412F",1581,93
"1688","003415F",474,19
"1689","003416F",1206,67
"1690","003417F",478,23
"1691","003419F",5480,241
"1692","003421F",3051,153
"1693","003423F",3639,59
"1694","003424F",1319,87
"1695","003425F",3400,166
"1696","003429F",902,39
"1697","003430F",26,2
"1698","003431F",1455,117
"1699","003432F",2537,121
"1700","003438F",1983,62
"1701","003439F",1232,51
"1702","003440F",564,28
"1703","003441F",198,7
"1704","003442F",1594,64
"1705","003447F",18970,627
"1706","003449F",464,23
"1707","003450F",4900,226
"1708","003453F",2154,83
"1709","003454F",865,39
"1710","003457F",508,26
"1711","003458F",1249,70
"1712","003461F",1837,63
"1713","003462F",815,46
"1714","003463F",2929,134
"1715","003469F",1336,66
"1716","003472F",3491,104
"1717","003474F",1964,94
"1718","003477F",2421,102
"1719","003480F",3285,173
"1720","003481F",560,25
"1721","003485F",362,17
"1722","003486F",199,9
"1723","003488F",602,32
"1724","003490F",695,31
"1725","003491F",1032,45
"1726","003493F",3594,159
"1727","003494F",647,30
"1728","003497F",2691,120
"1729","003503F",3509,181
"1730","003504F",864,33
"1731","003506F",595,30
"1732","003509F",5475,97
"1733","003510F",3740,174
"1734","003512F",4112,143
"1735","003514F",509,24
"1736","003517F",723,38
"1737","003519F",1109,40
"1738","003520F",1085,53
"1739","003521F",1809,90
"1740","003522F",1324,61
"1741","003523F",860,43
"1742","003526F",1242,49
"1743","003528F",509,20
"1744","003529F",3147,112
"1745","003532F",2489,113
"1746","003535F",206,9
"1747","003536F",1009,47
"1748","003543F",672,34
"1749","003544F",816,38
"1750","003545F",1030,41
"1751","003547F",1061,46
"1752","003548F",596,18
"1753","003554F",1360,67
"1754","003555F",3918,76
"1755","003561F",1135,46
"1756","003567F",1317,54
"1757","003571F",2571,123
"1758","003573F",1997,71
"1759","003575F",3252,140
"1760","003583F",11,1
"1761","003584F",2277,107
"1762","003586F",1990,85
"1763","003587F",425,27
"1764","003588F",738,37
"1765","003590F",1072,52
"1766","003591F",1175,54
"1767","003593F",772,35
"1768","003594F",424,15
"1769","003596F",368,8
"1770","003599F",10267,367
"1771","003601F",920,28
"1772","003603F",759,37
"1773","003606F",2145,102
"1774","003610F",536,24
"1775","003611F",192,10
"1776","003613F",1561,69
"1777","003617F",1128,50
"1778","003618F",509,23
"1779","003620F",1054,44
"1780","003623F",3404,158
"1781","003627F",2375,108
"1782","003630F",4467,155
"1783","003634F",1609,70
"1784","003638F",807,43
"1785","003647F",521,29
"1786","003651F",373,22
"1787","003653F",830,34
"1788","003656F",857,30
"1789","003657F",1000,44
"1790","003658F",1256,50
"1791","003663F",3263,104
"1792","003664F",1132,50
"1793","003668F",2704,95
"1794","003672F",1001,48
"1795","003673F",1523,55
"1796","003679F",1549,69
"1797","003680F",4316,215
"1798","003681F",1675,67
"1799","003684F",433,21
"1800","003687F",243,11
"1801","003688F",1762,98
"1802","003693F",915,34
"1803","003694F",776,30
"1804","003696F",334,16
"1805","003697F",5191,209
"1806","003701F",1479,73
"1807","003705F",830,41
"1808","003706F",938,40
"1809","003707F",6268,281
"1810","003714F",1449,99
"1811","003716F",978,46
"1812","003717F",10480,449
"1813","003721F",687,30
"1814","003722F",653,33
"1815","003726F",2732,206
"1816","003732F",1323,52
"1817","003736F",1035,39
"1818","003742F",1966,82
"1819","003743F",2110,38
"1820","003745F",622,29
"1821","003751F",2448,186
"1822","003752F",934,40
"1823","003753F",10605,462
"1824","003754F",1651,63
"1825","003759F",428,25
"1826","003760F",1969,110
"1827","003764F",705,26
"1828","003772F",948,46
"1829","003774F",6420,257
"1830","003781F",2935,347
"1831","003782F",2212,94
"1832","003785F",5186,222
"1833","003788F",3044,166
"1834","003798F",2546,132
"1835","003799F",1189,50
"1836","003800F",1015,47
"1837","003801F",573,24
"1838","003805F",575,31
"1839","003806F",509,24
"1840","003807F",147,2
"1841","003811F",1142,63
"1842","003813F",755,35
"1843","003818F",383,20
"1844","003820F",820,56
"1845","003824F",663,17
"1846","003825F",1187,43
"1847","003827F",1547,59
"1848","003832F",2518,94
"1849","003836F",1473,71
"1850","003841F",1346,52
"1851","003842F",780,33
"1852","003846F",3698,72
"1853","003848F",963,44
"1854","003850F",842,44
"1855","003853F",2803,116
"1856","003856F",2484,100
"1857","003860F",308,8
"1858","003862F",488,23
"1859","003869F",1068,38
"1860","003872F",903,44
"1861","003873F",596,22
"1862","003879F",1232,65
"1863","003881F",2536,119
"1864","003883F",887,43
"1865","003884F",987,36
"1866","003885F",1196,35
"1867","003887F",772,33
"1868","003891F",9608,426
"1869","003897F",2427,88
"1870","003898F",698,30
"1871","003900F",1858,85
"1872","003904F",640,33
"1873","003917F",660,30
"1874","003929F",754,39
"1875","003932F",700,26
"1876","003933F",1183,69
"1877","003936F",1502,87
"1878","003937F",1198,54
"1879","003938F",570,33
"1880","003942F",1817,72
"1881","003945F",94,6
"1882","003952F",949,36
"1883","003959F",3747,198
"1884","003962F",1181,63
"1885","003965F",1026,41
"1886","003967F",8287,329
"1887","003973F",788,27
"1888","003975F",1671,71
"1889","003983F",438,23
"1890","003985F",805,37
"1891","003986F",1815,80
"1892","003996F",734,32
"1893","003997F",1530,68
"1894","003999F",1104,62
"1895","004001F",1669,87
"1896","004003F",850,26
"1897","004008F",936,38
"1898","004009F",365,20
"1899","004010F",546,33
"1900","004013F",488,25
"1901","004014F",734,29
"1902","004018F",3548,130
"1903","004024F",568,30
"1904","004026F",659,28
"1905","004032F",1087,43
"1906","004037F",2508,170
"1907","004038F",1322,65
"1908","004044F",957,35
"1909","004050F",406,25
"1910","004053F",1405,56
"1911","004054F",773,33
"1912","004056F",2883,112
"1913","004061F",1608,58
"1914","004062F",2124,94
"1915","004072F",552,26
"1916","004073F",74,5
"1917","004078F",619,40
"1918","004082F",382,17
"1919","004086F",305,18
"1920","004092F",3911,183
"1921","004096F",760,27
"1922","004106F",929,42
"1923","004113F",717,29
"1924","004116F",531,29
"1925","004120F",533,24
"1926","004121F",543,25
"1927","004122F",1316,55
"1928","004125F",573,26
"1929","004132F",235,13
"1930","004133F",839,44
"1931","004137F",426,20
"1932","004138F",466,19
"1933","004139F",985,48
"1934","004142F",777,33
"1935","004144F",992,36
"1936","004153F",1287,61
"1937","004154F",390,17
"1938","004157F",1021,42
"1939","004162F",1355,71
"1940","004164F",1085,48
"1941","004166F",769,40
"1942","004169F",644,35
"1943","004171F",1011,45
"1944","004173F",236,13
"1945","004174F",1604,64
"1946","004175F",1740,68
"1947","004177F",245,14
"1948","004180F",1578,74
"1949","004187F",589,27
"1950","004188F",586,27
"1951","004193F",621,30
"1952","004197F",976,44
"1953","004203F",2517,59
"1954","004206F",2348,83
"1955","004213F",940,56
"1956","004215F",1839,86
"1957","004218F",609,32
"1958","004220F",834,34
"1959","004221F",381,19
"1960","004225F",546,30
"1961","004226F",1161,49
"1962","004231F",1703,74
"1963","004232F",986,36
"1964","004239F",4234,185
"1965","004246F",179,7
"1966","004249F",1403,51
"1967","004251F",1056,49
"1968","004258F",1213,58
"1969","004261F",92,8
"1970","004265F",526,23
"1971","004267F",526,17
"1972","004270F",1193,62
"1973","004276F",298,14
"1974","004279F",548,28
"1975","004281F",290,14
"1976","004282F",1299,66
"1977","004285F",1314,61
"1978","004289F",1844,101
"1979","004295F",498,16
"1980","004297F",769,38
"1981","004300F",2353,82
"1982","004318F",603,21
"1983","004322F",724,40
"1984","004324F",666,34
"1985","004327F",828,37
"1986","004330F",1166,44
"1987","004331F",1871,93
"1988","004342F",839,43
"1989","004345F",395,25
"1990","004346F",576,23
"1991","004347F",1150,41
"1992","004352F",1062,45
"1993","004354F",839,41
"1994","004360F",2206,75
"1995","004372F",224,11
"1996","004375F",690,18
"1997","004376F",171,6
"1998","004379F",1559,79
"1999","004383F",288,20
"2000","004385F",1865,125
"2001","004393F",827,36
"2002","004394F",1142,28
"2003","004395F",171,4
"2004","004396F",441,17
"2005","004400F",716,37
"2006","004403F",449,20
"2007","004404F",962,43
"2008","004417F",495,19
"2009","004418F",189,10
"2010","004423F",1843,76
"2011","004431F",184,13
"2012","004434F",528,29
"2013","004435F",938,35
"2014","004452F",1090,46
"2015","004455F",529,23
"2016","004458F",599,34
"2017","004463F",621,37
"2018","004475F",1685,77
"2019","004478F",831,33
"2020","004486F",1742,58
"2021","004494F",253,9
"2022","004495F",498,28
"2023","004501F",739,40
"2024","004507F",996,47
"2025","004510F",738,35
"2026","004514F",252,15
"2027","004516F",450,19
"2028","004517F",773,33
"2029","004521F",1239,49
"2030","004522F",1691,90
"2031","004536F",81,5
"2032","004547F",7581,373
"2033","004549F",2040,96
"2034","004550F",1242,58
"2035","004553F",2560,105
"2036","004554F",1014,48
"2037","004559F",935,43
"2038","004560F",385,16
"2039","004570F",7802,331
"2040","004578F",79,2
"2041","004579F",326,9
"2042","004582F",464,26
"2043","004586F",578,24
"2044","004587F",1138,42
"2045","004590F",694,30
"2046","004591F",351,16
"2047","004598F",745,26
"2048","004601F",600,28
"2049","004604F",1786,86
"2050","004605F",611,21
"2051","004607F",265,13
"2052","004613F",1578,77
"2053","004616F",4265,198
"2054","004637F",3320,130
"2055","004642F",182,9
"2056","004656F",1301,59
"2057","004671F",1754,60
"2058","004673F",325,17
"2059","004678F",2100,93
"2060","004688F",428,21
"2061","004693F",431,19
"2062","004696F",429,14
"2063","004701F",724,35
"2064","004706F",1441,35
"2065","004715F",1555,55
"2066","004718F",779,37
"2067","004719F",132,8
"2068","004726F",438,29
"2069","004728F",1226,58
"2070","004737F",373,18
"2071","004746F",746,37
"2072","004754F",1041,40
"2073","004756F",837,33
"2074","004760F",776,29
"2075","004762F",3866,154
"2076","004767F",885,37
"2077","004768F",1424,68
"2078","004771F",2703,73
"2079","004773F",746,33
"2080","004777F",454,18
"2081","004784F",466,19
"2082","004795F",1616,60
"2083","004809F",4019,163
"2084","004816F",553,19
"2085","004820F",399,19
"2086","004821F",770,34
"2087","004830F",549,27
"2088","004832F",371,29
"2089","004840F",1497,77
"2090","004841F",439,18
"2091","004842F",1941,76
"2092","004848F",836,44
"2093","004851F",655,27
"2094","004855F",2920,59
"2095","004857F",1063,39
"2096","004890F",43,1
"2097","004905F",1506,47
"2098","004908F",757,34
"2099","004915F",380,21
"2100","004918F",582,21
"2101","004924F",941,42
"2102","004928F",3543,49
"2103","004936F",259,7
"2104","004942F",280,8
"2105","004952F",471,10
"2106","004956F",452,22
"2107","004959F",311,18
"2108","004970F",1084,34
"2109","005007F",1847,103
"2110","005013F",4814,156
"2111","005016F",702,39
"2112","005021F",455,20
"2113","005024F",96,5
"2114","005036F",1478,73
"2115","005037F",1457,50
"2116","005040F",1206,68
"2117","005051F",883,39
"2118","005053F",69,3
"2119","005064F",918,30
"2120","005066F",1458,68
"2121","005067F",329,11
"2122","005076F",1097,40
"2123","005078F",1099,41
"2124","005082F",1557,81
"2125","005086F",902,62
"2126","005088F",509,25
"2127","005099F",376,14
"2128","005102F",430,21
"2129","005120F",517,24
"2130","005122F",209,10
"2131","005133F",558,24
"2132","005136F",1169,41
"2133","005144F",170,10
"2134","005154F",399,10
"2135","005163F",352,18
"2136","005177F",1331,57
"2137","005180F",247,18
"2138","005196F",9375,455
"2139","005199F",1193,54
"2140","005201F",96,6
"2141","005208F",855,43
"2142","005211F",36,1
"2143","005224F",248,12
"2144","005231F",923,31
"2145","005233F",2275,109
"2146","005249F",22,1
"2147","005256F",1737,77
"2148","005263F",2411,108
"2149","005264F",1250,55
"2150","005271F",1184,48
"2151","005272F",1393,58
"2152","005273F",1198,71
"2153","005279F",295,18
"2154","005282F",307,17
"2155","005293F",186,9
"2156","005296F",866,35
"2157","005299F",455,14
"2158","005301F",1997,83
"2159","005305F",312,16
"2160","005308F",300,14
"2161","005318F",1829,74
"2162","005322F",609,23
"2163","005324F",1007,60
"2164","005339F",3114,159
"2165","005352F",336,16
"2166","005360F",584,33
"2167","005364F",2704,91
"2168","005369F",1896,80
"2169","005372F",2794,110
"2170","005375F",239,13
"2171","005388F",78,1
"2172","005400F",607,29
"2173","005402F",1748,73
"2174","005404F",156,7
"2175","005406F",353,13
"2176","005407F",573,23
"2177","005408F",980,40
"2178","005409F",549,30
"2179","005420F",303,18
"2180","005426F",775,42
"2181","005439F",1085,46
"2182","005442F",1089,80
"2183","005449F",539,25
"2184","005458F",379,21
"2185","005461F",147,9
"2186","005464F",136,8
"2187","005468F",507,26
"2188","005480F",686,39
"2189","005484F",363,21
"2190","005487F",1424,66
"2191","005490F",1633,64
"2192","005500F",1575,64
"2193","005501F",750,36
"2194","005506F",1464,56
"2195","005524F",336,16
"2196","005536F",3826,152
"2197","005538F",353,18
"2198","005541F",892,45
"2199","005549F",745,41
"2200","005551F",202,12
"2201","005553F",580,29
"2202","005566F",1266,38
"2203","005571F",1366,73
"2204","005581F",80,4
"2205","005583F",657,35
"2206","005586F",2971,121
"2207","005600F",782,36
"2208","005602F",547,28
"2209","005615F",386,23
"2210","005635F",323,13
"2211","005637F",729,31
"2212","005639F",371,16
"2213","005642F",1349,74
"2214","005667F",264,12
"2215","005674F",151,9
"2216","005675F",540,33
"2217","005676F",331,20
"2218","005678F",138,7
"2219","005681F",4237,67
"2220","005688F",1152,47
"2221","005689F",146,12
"2222","005702F",575,22
"2223","005705F",693,32
"2224","005708F",2360,114
"2225","005713F",1098,59
"2226","005719F",252,13
"2227","005724F",1574,72
"2228","005726F",150,11
"2229","005732F",808,28
"2230","005739F",625,35
"2231","005743F",1500,94
"2232","005755F",383,20
"2233","005757F",668,29
"2234","005764F",1713,93
"2235","005773F",203,10
"2236","005799F",203,11
"2237","005821F",115,6
"2238","005826F",1443,77
"2239","005834F",739,32
"2240","005852F",894,37
"2241","005860F",584,39
"2242","005861F",243,13
"2243","005862F",84,5
"2244","005872F",415,43
"2245","005876F",812,26
"2246","005879F",1179,66
"2247","005883F",1676,71
"2248","005901F",1584,84
"2249","005902F",719,25
"2250","005914F",1805,76
"2251","005922F",553,28
"2252","005923F",101,7
"2253","005931F",114,4
"2254","005937F",141,4
"2255","005957F",161,8
"2256","005966F",694,18
"2257","005968F",827,36
"2258","005969F",1957,99
"2259","005970F",778,33
"2260","005987F",99,8
"2261","005992F",157,10
"2262","006011F",666,27
"2263","006023F",1188,44
"2264","006041F",670,33
"2265","006072F",33,2
"2266","006074F",433,22
"2267","006076F",47,3
"2268","006093F",605,29
"2269","006112F",226,12
"2270","006114F",517,36
"2271","006120F",896,48
"2272","006133F",80,6
"2273","006138F",1017,38
"2274","006158F",520,19
"2275","006159F",1436,60
"2276","006163F",108,6
"2277","006170F",345,17
"2278","006174F",446,26
"2279","006177F",624,28
"2280","006178F",171,5
"2281","006205F",1692,60
"2282","006209F",739,34
"2283","006216F",352,9
"2284","006225F",896,39
"2285","006233F",222,3
"2286","006243F",120,8
"2287","006244F",847,43
"2288","006250F",1274,69
"2289","006270F",2143,99
"2290","006272F",235,3
"2291","006279F",246,12
"2292","006289F",1339,78
"2293","006297F",223,4
"2294","006299F",1460,71
"2295","006300F",452,22
"2296","006309F",606,24
"2297","006320F",293,13
"2298","006339F",973,45
"2299","006348F",302,15
"2300","006359F",154,8
"2301","006369F",3390,157
"2302","006375F",1430,65
"2303","006382F",244,13
"2304","006387F",199,4
"2305","006388F",843,39
"2306","006391F",1668,63
"2307","006420F",2012,70
"2308","006429F",367,19
"2309","006439F",963,51
"2310","006448F",229,6
"2311","006449F",138,7
"2312","006456F",598,24
"2313","006461F",1747,33
"2314","006462F",1392,52
"2315","006465F",207,8
"2316","006472F",45,2
"2317","006475F",144,5
"2318","006494F",300,7
"2319","006498F",189,11
"2320","006505F",182,11
"2321","006507F",21,1
"2322","006508F",43,1
"2323","006529F",1961,85
"2324","006531F",370,19
"2325","006537F",1534,79
"2326","006548F",1085,43
"2327","006549F",114,8
"2328","006551F",486,14
"2329","006552F",631,30
"2330","006553F",227,9
"2331","006554F",423,27
"2332","006582F",889,42
"2333","006615F",1156,37
"2334","006617F",157,8
"2335","006623F",323,20
"2336","006624F",169,10
"2337","006628F",383,19
"2338","006635F",150,6
"2339","006638F",220,10
"2340","006639F",1076,44
"2341","006649F",228,11
"2342","006650F",1391,60
"2343","006652F",787,32
"2344","006667F",709,41
"2345","006673F",388,7
"2346","006679F",1124,53
"2347","006696F",950,41
"2348","006699F",1269,53
"2349","006714F",1290,56
"2350","006718F",2312,97
"2351","006733F",1650,80
"2352","006739F",1034,40
"2353","006741F",133,8
"2354","006760F",267,13
"2355","006763F",4285,203
"2356","006772F",31,1
"2357","006775F",1586,87
"2358","006776F",312,10
"2359","006784F",555,26
"2360","006800F",251,15
"2361","006806F",186,10
"2362","006816F",118,1
"2363","006822F",794,23
"2364","006827F",472,28
"2365","006847F",3090,151
"2366","006851F",586,27
"2367","006863F",446,21
"2368","006872F",564,22
"2369","006889F",1829,75
"2370","006922F",257,12
"2371","006933F",599,32
"2372","006943F",649,20
"2373","006959F",61,3
"2374","006961F",752,23
"2375","006964F",264,13
"2376","006973F",211,12
"2377","006992F",1087,34
"2378","007011F",86,4
"2379","007031F",21,1
"2380","007034F",207,13
"2381","007050F",113,7
"2382","007058F",80,3
"2383","007074F",107,6
"2384","007077F",160,8
"2385","007086F",187,12
"2386","007097F",1128,105
"2387","007101F",569,22
"2388","007105F",153,7
"2389","007106F",470,18
"2390","007108F",1919,51
"2391","007115F",1287,45
"2392","007118F",349,18
"2393","007126F",1002,31
"2394","007128F",1013,40
"2395","007129F",605,24
"2396","007140F",39,2
"2397","007142F",578,23
"2398","007148F",362,24
"2399","007161F",585,26
"2400","007178F",286,14
"2401","007181F",146,8
"2402","007185F",1003,21
"2403","007194F",2146,90
"2404","007202F",489,22
"2405","007211F",316,13
"2406","007214F",316,12
"2407","007217F",559,27
"2408","007223F",146,8
"2409","007230F",193,11
"2410","007233F",856,32
"2411","007246F",275,11
"2412","007259F",787,30
"2413","007263F",390,11
"2414","007282F",428,14
"2415","007290F",816,35
"2416","007303F",208,11
"2417","007311F",259,9
"2418","007318F",105,2
"2419","007324F",82,5
"2420","007327F",229,11
"2421","007338F",349,15
"2422","007341F",937,42
"2423","007350F",341,18
"2424","007352F",726,22
"2425","007357F",1415,68
"2426","007360F",356,23
"2427","007363F",676,24
"2428","007366F",183,6
"2429","007372F",226,8
"2430","007376F",717,34
"2431","007378F",707,34
"2432","007386F",516,25
"2433","007391F",78,5
"2434","007412F",145,9
"2435","007413F",2064,71
"2436","007444F",569,13
"2437","007453F",1651,63
"2438","007476F",634,30
"2439","007483F",4813,304
"2440","007486F",61,5
"2441","007495F",192,10
"2442","007500F",113,5
"2443","007511F",273,12
"2444","007514F",252,12
"2445","007515F",2249,101
"2446","007517F",1403,44
"2447","007527F",210,8
"2448","007536F",1436,41
"2449","007545F",435,22
"2450","007546F",1220,52
"2451","007548F",206,9
"2452","007554F",223,13
"2453","007562F",2327,70
"2454","007570F",321,15
"2455","007575F",527,25
"2456","007576F",404,18
"2457","007588F",192,11
"2458","007603F",1426,55
"2459","007607F",228,12
"2460","007620F",979,41
"2461","007630F",559,16
"2462","007633F",524,21
"2463","007634F",412,22
"2464","007640F",333,16
"2465","007644F",63,3
"2466","007647F",183,11
"2467","007664F",55,4
"2468","007673F",999,47
"2469","007674F",62,3
"2470","007706F",236,12
"2471","007715F",457,12
"2472","007716F",40,1
"2473","007719F",1676,64
"2474","007743F",2810,72
"2475","007758F",59,4
"2476","007773F",422,20
"2477","007787F",1156,41
"2478","007814F",282,13
"2479","007828F",484,32
"2480","007835F",316,15
"2481","007859F",404,18
"2482","007867F",68,7
"2483","007877F",223,12
"2484","007879F",699,29
"2485","007900F",17,1
"2486","007946F",272,13
"2487","007948F",232,14
"2488","007950F",65,2
"2489","007976F",47,2
"2490","007991F",206,11
"2491","007997F",217,10
"2492","008026F",43,3
"2493","008030F",1054,60
"2494","008035F",57,1
"2495","008044F",1138,49
"2496","008048F",175,8
"2497","008051F",14,1
"2498","008076F",185,11
"2499","008110F",925,45
"2500","008127F",441,26
"2501","008133F",158,11
"2502","008144F",783,31
"2503","008155F",1882,144
"2504","008166F",339,21
"2505","008169F",378,25
"2506","008194F",1751,56
"2507","008214F",166,7
"2508","008217F",19,1
"2509","008219F",559,24
"2510","008243F",1434,55
"2511","008244F",460,25
"2512","008281F",1370,72
"2513","008286F",78,4
"2514","008296F",47,4
"2515","008298F",60,4
"2516","008300F",33,2
"2517","008340F",143,6
"2518","008348F",289,7
"2519","008359F",697,41
"2520","008360F",1799,45
"2521","008378F",3703,78
"2522","008411F",284,16
"2523","008418F",215,10
"2524","008430F",812,27
"2525","008442F",605,27
"2526","008444F",1197,49
"2527","008456F",202,9
"2528","008481F",1633,64
"2529","008489F",646,44
"2530","008511F",304,13
"2531","008514F",81,6
"2532","008520F",521,23
"2533","008528F",445,41
"2534","008529F",468,25
"2535","008546F",833,39
"2536","008551F",480,20
"2537","008552F",14,1
"2538","008553F",360,14
"2539","008560F",711,30
"2540","008562F",490,18
"2541","008571F",85,3
"2542","008603F",561,27
"2543","008613F",1443,65
"2544","008618F",56,1
"2545","008622F",140,6
"2546","008624F",2459,96
"2547","008632F",163,6
"2548","008635F",3693,112
"2549","008643F",103,6
"2550","008648F",415,17
"2551","008656F",339,13
"2552","008659F",766,41
"2553","008676F",29,1
"2554","008686F",362,17
"2555","008698F",10,1
"2556","008699F",753,28
"2557","008744F",66,4
"2558","008747F",25,1
"2559","008748F",322,11
"2560","008782F",310,12
"2561","008785F",710,28
"2562","008794F",360,17
"2563","008812F",75,5
"2564","008882F",374,18
"2565","008890F",733,34
"2566","008912F",10,1
"2567","008923F",327,17
"2568","008931F",973,47
"2569","008933F",204,11
"2570","008936F",486,29
"2571","008960F",447,29
"2572","008967F",601,29
"2573","009009F",1905,77
"2574","009026F",119,6
"2575","009036F",66,5
"2576","009037F",122,8
"2577","009038F",1073,42
"2578","009042F",282,25
"2579","009052F",151,11
"2580","009062F",437,22
"2581","009063F",368,13
"2582","009080F",425,19
"2583","009085F",299,12
"2584","009105F",69,4
"2585","009111F",125,8
"2586","009118F",1089,34
"2587","009119F",99,4
"2588","009136F",136,9
"2589","009148F",382,17
"2590","009167F",263,20
"2591","009168F",1226,57
"2592","009171F",2302,112
"2593","009180F",302,22
"2594","009188F",110,6
"2595","009194F",1268,58
"2596","009197F",638,11
"2597","009201F",1261,56
"2598","009210F",340,12
"2599","009213F",359,14
"2600","009215F",252,14
"2601","009237F",907,47
"2602","009250F",1388,124
"2603","009293F",1082,46
"2604","009334F",1328,51
"2605","009355F",232,11
"2606","009358F",448,14
"2607","009365F",752,24
"2608","009372F",20,1
"2609","009414F",876,40
"2610","009421F",25,1
"2611","009472F",418,20
"2612","009483F",155,9
"2613","009511F",216,10
"2614","009536F",605,24
"2615","009542F",221,11
"2616","009546F",1461,72
"2617","009550F",58,6
"2618","009552F",850,31
"2619","009553F",173,9
"2620","009573F",19,1
"2621","009608F",792,62
"2622","009617F",973,31
"2623","009627F",294,15
"2624","009629F",867,43
"2625","009642F",47,3
"2626","009651F",76,3
"2627","009661F",472,21
"2628","009671F",1074,33
"2629","009676F",77,4
"2630","009679F",1065,89
"2631","009722F",993,34
"2632","009732F",659,26
"2633","009739F",472,18
"2634","009742F",263,19
"2635","009745F",190,8
"2636","009750F",58,2
"2637","009752F",424,12
"2638","009763F",271,13
"2639","009774F",370,17
"2640","009777F",935,41
"2641","009796F",545,24
"2642","009797F",63,4
"2643","009799F",995,45
"2644","009809F",193,10
"2645","009811F",290,12
"2646","009837F",110,4
"2647","009850F",368,23
"2648","009855F",310,12
"2649","009860F",172,6
"2650","009893F",409,22
"2651","009916F",169,5
"2652","009921F",130,9
"2653","009934F",62,4
"2654","009937F",291,6
"2655","010011F",269,16
"2656","010022F",516,34
"2657","010032F",393,23
"2658","010034F",135,2
"2659","010064F",744,26
"2660","010076F",186,12
"2661","010089F",938,70
"2662","010091F",832,31
"2663","010092F",303,13
"2664","010122F",339,17
"2665","010150F",969,56
"2666","010174F",5,1
"2667","010186F",515,34
"2668","010194F",379,22
"2669","010203F",86,4
"2670","010220F",270,17
"2671","010238F",1360,43
"2672","010244F",603,28
"2673","010246F",48,2
"2674","010255F",225,13
"2675","010256F",58,3
"2676","010279F",1148,53
"2677","010336F",512,27
"2678","010356F",561,22
"2679","010361F",583,27
"2680","010387F",496,22
"2681","010389F",110,8
"2682","010391F",186,10
"2683","010394F",112,6
"2684","010404F",955,46
"2685","010446F",125,4
"2686","010448F",856,37
"2687","010468F",783,36
"2688","010518F",1159,42
"2689","010529F",60,1
"2690","010541F",78,3
"2691","010548F",55,3
"2692","010595F",256,13
"2693","010608F",408,35
"2694","010628F",784,19
"2695","010632F",2610,144
"2696","010649F",398,19
"2697","010655F",399,25
"2698","010660F",1483,66
"2699","010661F",311,16
"2700","010681F",699,40
"2701","010702F",438,22
"2702","010716F",395,21
"2703","010738F",275,14
"2704","010751F",112,6
"2705","010753F",1370,54
"2706","010798F",369,17
"2707","010799F",798,77
"2708","010812F",333,16
"2709","010816F",845,40
"2710","010820F",171,7
"2711","010824F",67,6
"2712","010828F",158,8
"2713","010843F",51,4
"2714","010848F",185,7
"2715","010852F",2872,51
"2716","010870F",34,1
"2717","010910F",633,28
"2718","010911F",40,1
"2719","010985F",175,14
"2720","011002F",945,49
"2721","011012F",108,6
"2722","011028F",330,22
"2723","011082F",17,1
"2724","011100F",425,13
"2725","011113F",25,1
"2726","011136F",321,15
"2727","011141F",316,22
"2728","011146F",616,33
"2729","011156F",663,39
"2730","011181F",1469,74
"2731","011188F",269,11
"2732","011196F",107,6
"2733","011215F",9,1
"2734","011241F",344,14
"2735","011248F",73,3
"2736","011260F",158,10
"2737","011261F",166,10
"2738","011296F",131,6
"2739","011315F",443,21
"2740","011323F",440,26
"2741","011329F",880,38
"2742","011336F",250,10
"2743","011357F",92,5
"2744","011365F",256,12
"2745","011393F",25,1
"2746","011415F",246,3
"2747","011418F",362,19
"2748","011464F",1893,74
"2749","011491F",112,5
"2750","011497F",807,45
"2751","011499F",147,7
"2752","011515F",667,26
"2753","011534F",739,27
"2754","011559F",826,61
"2755","011580F",640,25
"2756","011585F",297,12
"2757","011595F",3861,196
"2758","011607F",673,37
"2759","011690F",292,27
"2760","011739F",407,18
"2761","011761F",57,1
"2762","011800F",68,4
"2763","011804F",35,2
"2764","011805F",399,19
"2765","011810F",358,15
"2766","011811F",529,35
"2767","011818F",62,1
"2768","011822F",176,9
"2769","011827F",794,40
"2770","011830F",52,3
"2771","011849F",4917,188
"2772","011857F",1012,50
"2773","011866F",196,13
"2774","011906F",257,12
"2775","011937F",706,36
"2776","011970F",483,25
"2777","011981F",43,1
"2778","012041F",1643,76
"2779","012053F",1193,53
"2780","012076F",227,12
"2781","012079F",955,48
"2782","012091F",353,15
"2783","012125F",589,30
"2784","012138F",1054,26
"2785","012160F",261,16
"2786","012187F",763,31
"2787","012192F",676,45
"2788","012225F",1336,70
"2789","012231F",1021,43
"2790","012261F",449,29
"2791","012268F",58,1
"2792","012270F",198,6
"2793","012276F",96,5
"2794","012365F",51,3
"2795","012421F",310,19
"2796","012423F",370,18
"2797","012444F",225,4
"2798","012457F",361,22
"2799","012476F",161,5
"2800","012490F",237,12
"2801","012495F",452,16
"2802","012499F",280,5
"2803","012527F",8,1
"2804","012537F",418,14
"2805","012546F",115,5
"2806","012549F",801,35
"2807","012556F",845,36
"2808","012584F",350,18
"2809","012588F",357,21
"2810","012599F",1230,58
"2811","012641F",12,1
"2812","012660F",16,1
"2813","012662F",1062,29
"2814","012666F",194,12
"2815","012670F",344,11
"2816","012672F",337,18
"2817","012707F",386,17
"2818","012716F",1028,28
"2819","012755F",486,10
"2820","012803F",129,9
"2821","012852F",524,14
"2822","012869F",534,23
"2823","012903F",741,35
"2824","012936F",539,17
"2825","012937F",348,14
"2826","012955F",165,3
"2827","012969F",772,35
"2828","012981F",250,11
"2829","012995F",165,8
"2830","013016F",572,23
"2831","013043F",129,15
"2832","013081F",634,30
"2833","013126F",32,1
"2834","013137F",143,6
"2835","013164F",439,23
"2836","013192F",38,2
"2837","013243F",251,10
"2838","013244F",165,7
"2839","013247F",485,17
"2840","013286F",449,11
"2841","013304F",307,19
"2842","013341F",26,1
"2843","013389F",565,26
"2844","013392F",55,2
"2845","013397F",1029,47
"2846","013433F",10,1
"2847","013437F",166,15
"2848","013442F",316,14
"2849","013451F",44,1
"2850","013566F",185,13
"2851","013577F",186,9
"2852","013613F",136,8
"2853","013620F",52,2
"2854","013630F",157,10
"2855","013655F",138,7
"2856","013683F",382,18
"2857","013696F",244,12
"2858","013706F",64,3
"2859","013735F",56,10
"2860","013755F",2522,73
"2861","013791F",384,12
"2862","013807F",1600,78
"2863","013823F",82,5
"2864","013842F",17,1
"2865","013849F",37,2
"2866","013850F",70,5
"2867","013950F",843,23
"2868","013980F",9,1
"2869","014000F",121,4
"2870","014011F",314,15
"2871","014025F",2641,127
"2872","014046F",317,15
"2873","014063F",567,21
"2874","014119F",225,13
"2875","014159F",185,6
"2876","014213F",88,5
"2877","014220F",19,2
"2878","014250F",285,13
"2879","014280F",148,7
"2880","014312F",157,9
"2881","014323F",139,4
"2882","014335F",545,44
"2883","014342F",378,17
"2884","014351F",16,1
"2885","014363F",175,8
"2886","014385F",423,20
"2887","014414F",179,2
"2888","014426F",91,3
"2889","014465F",440,14
"2890","014534F",195,11
"2891","014535F",2508,109
"2892","014537F",276,17
"2893","014560F",637,14
"2894","014578F",434,17
"2895","014586F",21,2
"2896","014601F",1367,146
"2897","014650F",233,7
"2898","014663F",32,2
"2899","014673F",13,1
"2900","014697F",3037,126
"2901","014716F",114,6
"2902","014729F",109,6
"2903","014752F",14,1
"2904","014777F",189,9
"2905","014788F",477,21
"2906","014828F",218,9
"2907","014849F",372,14
"2908","014862F",1600,77
"2909","014890F",87,6
"2910","014963F",388,21
"2911","014992F",386,15
"2912","014998F",71,4
"2913","015006F",202,9
"2914","015010F",350,22
"2915","015045F",196,9
"2916","015059F",638,30
"2917","015064F",853,26
"2918","015126F",419,25
"2919","015144F",31,4
"2920","015147F",198,10
"2921","015190F",307,15
"2922","015207F",303,12
"2923","015219F",87,4
"2924","015220F",361,16
"2925","015233F",22,1
"2926","015279F",62,3
"2927","015317F",271,37
"2928","015333F",24,1
"2929","015374F",226,11
"2930","015377F",1419,38
"2931","015423F",321,13
"2932","015431F",61,4
"2933","015468F",334,17
"2934","015495F",505,27
"2935","015505F",433,49
"2936","015568F",167,10
"2937","015585F",1169,55
"2938","015591F",15,1
"2939","015600F",19,1
"2940","015620F",330,17
"2941","015659F",550,28
"2942","015666F",198,10
"2943","015669F",18,1
"2944","015834F",583,27
"2945","015840F",162,4
"2946","015842F",288,16
"2947","015848F",212,5
"2948","015856F",261,12
"2949","015859F",862,18
"2950","015868F",239,12
"2951","015875F",49,1
"2952","015926F",191,9
"2953","015952F",178,9
"2954","015963F",91,6
"2955","016041F",71,3
"2956","016044F",478,31
"2957","016045F",141,6
"2958","016051F",90,3
"2959","016061F",866,53
"2960","016089F",48,3
"2961","016101F",338,12
"2962","016103F",484,12
"2963","016212F",348,17
"2964","016238F",57,5
"2965","016256F",46,2
"2966","016280F",154,5
"2967","016291F",87,4
"2968","016310F",578,38
"2969","016322F",175,9
"2970","016328F",652,17
"2971","016331F",140,7
"2972","016337F",329,21
"2973","016353F",1718,42
"2974","016387F",233,13
"2975","016393F",709,30
"2976","016461F",35,2
"2977","016512F",72,3
"2978","016560F",61,4
"2979","016573F",730,19
"2980","016588F",21,1
"2981","016618F",451,40
"2982","016623F",222,13
"2983","016683F",17,1
"2984","016746F",28,1
"2985","016780F",129,7
"2986","016808F",723,32
"2987","016874F",293,15
"2988","016882F",13,1
"2989","016892F",288,8
"2990","016927F",81,2
"2991","016929F",32,1
"2992","016949F",384,16
"2993","016956F",19,2
"2994","016969F",24,2
"2995","016970F",161,7
"2996","016971F",170,7
"2997","016998F",1077,43
"2998","017009F",481,21
"2999","017016F",146,3
"3000","017040F",81,4
"3001","017054F",2,1
"3002","017057F",178,11
"3003","017058F",42,3
"3004","017065F",126,6
"3005","017132F",348,21
"3006","017135F",934,52
"3007","017143F",15,1
"3008","017149F",153,12
"3009","017195F",61,4
"3010","017245F",78,5
"3011","017248F",181,9
"3012","017252F",139,5
"3013","017255F",49,3
"3014","017265F",221,6
"3015","017287F",85,4
"3016","017294F",1051,58
"3017","017310F",99,5
"3018","017342F",76,2
"3019","017391F",142,15
"3020","017408F",114,8
"3021","017415F",439,14
"3022","017460F",179,8
"3023","017463F",22,1
"3024","017475F",18,1
"3025","017534F",127,6
"3026","017541F",171,6
"3027","017568F",61,4
"3028","017608F",245,14
"3029","017662F",227,10
"3030","017695F",530,24
"3031","017698F",40,2
"3032","017739F",113,7
"3033","017777F",113,5
"3034","017821F",394,17
"3035","017824F",29,2
"3036","017826F",190,8
"3037","017851F",185,9
"3038","017903F",227,11
"3039","017951F",11,1
"3040","017958F",188,11
"3041","017986F",382,20
"3042","017991F",603,36
"3043","018006F",982,41
"3044","018087F",592,22
"3045","018112F",60,7
"3046","018180F",112,6
"3047","018199F",170,8
"3048","018212F",3176,135
"3049","018220F",989,57
"3050","018239F",106,4
"3051","018245F",578,28
"3052","018249F",89,5
"3053","018269F",78,5
"3054","018281F",428,6
"3055","018328F",718,26
"3056","018346F",1073,74
"3057","018350F",57,5
"3058","018393F",16,1
"3059","018424F",27,2
"3060","018431F",77,3
"3061","018435F",31,1
"3062","018445F",107,5
"3063","018555F",1183,69
"3064","018634F",435,23
"3065","018637F",49,3
"3066","018646F",50,3
"3067","018698F",125,4
"3068","018706F",168,5
"3069","018711F",389,17
"3070","018722F",135,6
"3071","018740F",203,10
"3072","018765F",52,2
"3073","018790F",50,2
"3074","018851F",91,4
"3075","018862F",45,3
"3076","018868F",334,8
"3077","018878F",341,19
"3078","018889F",103,6
"3079","018934F",219,7
"3080","018962F",49,3
"3081","018974F",77,7
"3082","019006F",84,3
"3083","019026F",72,3
"3084","019066F",125,6
"3085","019105F",532,25
"3086","019125F",115,5
"3087","019184F",77,6
"3088","019213F",36,3
"3089","019218F",95,6
"3090","019223F",48,3
"3091","019230F",67,3
"3092","019235F",84,3
"3093","019260F",24,2
"3094","019268F",233,10
"3095","019277F",251,12
"3096","019298F",677,13
"3097","019336F",278,4
"3098","019343F",786,30
"3099","019355F",1053,50
"3100","019362F",102,5
"3101","019394F",756,36
"3102","019429F",36,2
"3103","019466F",274,13
"3104","019482F",182,7
"3105","019487F",191,6
"3106","019489F",46,2
"3107","019498F",22,1
"3108","019545F",400,13
"3109","019546F",141,7
"3110","019558F",465,24
"3111","019566F",124,6
"3112","019583F",432,19
"3113","019585F",104,6
"3114","019588F",124,4
"3115","019590F",14,1
"3116","019603F",255,8
"3117","019640F",198,8
"3118","019650F",398,21
"3119","019663F",225,5
"3120","019705F",74,3
"3121","019741F",100,4
"3122","019775F",63,3
"3123","019797F",197,9
"3124","019801F",60,3
"3125","019816F",28,2
"3126","019817F",116,7
"3127","019847F",15,1
"3128","019899F",1088,56
"3129","019903F",90,5
"3130","019909F",74,5
"3131","019929F",95,7
"3132","019938F",71,3
"3133","019953F",256,11
"3134","019960F",66,5
"3135","019969F",69,4
"3136","019982F",460,17
"3137","019985F",98,5
"3138","020007F",55,2
"3139","020034F",229,8
"3140","020053F",73,5
"3141","020056F",37,2
"3142","020077F",326,14
"3143","020099F",74,4
"3144","020128F",502,21
"3145","020130F",519,15
"3146","020172F",441,19
"3147","020175F",222,9
"3148","020184F",16,1
"3149","020187F",624,28
"3150","020223F",21,1
"3151","020255F",139,5
"3152","020264F",104,8
"3153","020300F",68,5
"3154","020324F",25,2
"3155","020334F",283,17
"3156","020341F",687,47
"3157","020366F",472,21
"3158","020369F",182,9
"3159","020376F",108,5
"3160","020399F",97,4
"3161","020402F",23,2
"3162","020410F",133,7
"3163","020433F",206,10
"3164","020436F",229,13
"3165","020527F",10,1
"3166","020567F",920,24
"3167","020602F",172,6
"3168","020603F",255,13
"3169","020609F",120,4
"3170","020658F",36,2
"3171","020663F",106,8
"3172","020700F",87,4
"3173","020732F",187,7
"3174","020739F",9,1
"3175","020751F",680,22
"3176","020773F",599,18
"3177","020777F",75,3
"3178","020852F",72,4
"3179","020946F",14,1
"3180","020961F",420,15
"3181","020976F",271,10
"3182","020978F",118,7
"3183","021009F",128,8
"3184","021019F",539,26
"3185","021033F",226,9
"3186","021052F",31,3
"3187","021053F",58,2
"3188","021074F",9,1
"3189","021079F",1003,28
"3190","21096",90,2
"3191","merged",140806,5909
